él es su único hijo .	es su niño solo .
toma algo .	han muerto .
<unk> la luz .	<unk> la luz .
sus zapatos están <unk> .	tus zapatos son <unk> .
le tiene miedo a los gatos .	él tiene miedo de los gatos .
me <unk> allí un par de días .	voy a <unk> de días por un rato .
<unk> a menudo pensaba en el futuro .	los <unk> <unk> <unk> a menudo <unk> del <unk> .
me gusta esa universidad , pero está demasiado cerca de casa .	es demasiado vieja , pero es demasiado vieja para mi casa .
todos <unk> <unk> .	todo el mundo se parece a todos .
aquella chica se parece a maría .	mary parece a mary que a la chica que le gusta .
al final del discurso , ella <unk> la palabra .	ella <unk> el palabra a la palabra .
se <unk> por la <unk> de su amigo .	ellos se <unk> de su amigo de <unk> .
tom está <unk> lo que dijo .	tom dijo que él dijo lo que dijo .
solía haber un puente aquí .	solía ser una tienda aquí .
no hemos sabido de ella desde entonces .	no hemos oído de ella desde que su hijo .
no me acuerdo dónde puse mi llave .	no me acuerdo de dónde vive mi llave .
ya no deseo <unk> parte de este proyecto .	no ojalá nadie más difícil <unk> este proyecto .
pienso que esto es realmente <unk> .	creo que es realmente muy amable .
los doctores llevaban <unk> <unk> en la nariz y la boca .	el <unk> se <unk> de <unk> la <unk> y su <unk> .
tom echó algo de leche en el vaso y se lo <unk> a mary .	tom y mary se <unk> en la <unk> y mary se <unk> en el <unk> .
él se <unk> de ella después de años de <unk> .	él la <unk> de su <unk> .
llame usted a un guardia .	<unk> un momento .
no te voy a dar mi número de teléfono .	no voy a <unk> mi número de teléfono .
solo continúa .	solo va a <unk> .
probablemente es la enfermedad que <unk> <unk> .	es la <unk> de que se <unk> .
tom aún no puede sacar a mary de su cabeza .	tom no puede <unk> a mary todavía .
esta <unk> es para el té .	esta es <unk> para la <unk> .
¿tienes <unk> de <unk> ?	¿tienes una <unk> de <unk> ?
ya veo que esto se te da bien .	me puedo ver esta buena .
comí tres <unk> de torta .	comí tres años de tres años .
ella se fue con él al <unk> .	ella fue al cine con él .
le <unk> <unk> <unk> .	te <unk> demasiado lejos en <unk> .
ellos me <unk> a <unk> .	solo me <unk> a mí .
este lugar me da <unk> .	esta <unk> me <unk> la <unk> .
hago <unk> dos horas por día .	me <unk> todos los días .
puede que no sea suficiente .	esto no puede ser lo suficientemente <unk> .
bajo ninguna <unk> debes <unk> la habitación .	no tienes el cuarto de <unk> .
prefiero la <unk> a la <unk> .	prefiero <unk> a los <unk> .
¿sabes dónde será la reunión de mañana ?	¿dónde está acostumbrado mañana ?
no fue sino hasta que me <unk> del colegio que me di cuenta de la importancia de estudiar .	no estaba hasta que <unk> el colegio hasta que estaba libre .
en seguida <unk> a <unk> el proyecto .	ellos se <unk> el plan .
¿por qué no tengo novio ?	¿por qué no tengo un poco ?
tu inglés es perfecto .	su inglés es inglés .
¿cómo estuvo su cumpleaños ?	¿cómo estuvo tu cumpleaños ?
no crees esa historia , ¿o si ?	¿no te hizo esa historia , ¿no ?
pensé que tom estaba de vacaciones .	pensé que tom estaba en seguida .
será mejor que te vayas ya a la cama .	ahora me <unk> ahora mismo .
es la voz de una vieja .	es la voz de una voz .
la misión fue un <unk> .	el <unk> fue <unk> .
te amo tal como sos .	solo estás de <unk> .
no me importa , con tal de que seas feliz .	no te estaré esperando como tú .
todavía estás <unk> ¿verdad ?	todavía no estás ocupado , ¿verdad ?
no olvides que tenemos deberes .	no tenemos que <unk> .
no <unk> el sentido de todo esto .	no me <unk> de todas las <unk> .
¿tom está herido ?	¿está <unk> ?
<unk> como un <unk> ?	¿te gusta un <unk> ?
soy <unk> .	estoy <unk> .
creía que tom era canadiense .	pensé que tom era canadiense .
ella se <unk> en su trabajo .	ella se sentó en su trabajo .
mira quien está despierto .	¿quién es el <unk> .
¿dónde nos <unk> el autobús ?	¿dónde nos va el autobús ?
vi a alguien .	alguien vi .
este trabajo es lo suficientemente simple para que lo haga un niño .	esta es lo que hacer por hacer .
quiero que tú vayas .	quiero ir .
los zapatos están <unk> .	los zapatos son <unk> .
<unk> a hacer esto hace cuatro años .	hace años que esto le <unk> .
¿cómo de profundo es el lago ?	¿cuánto es el lago ?
<unk> .	<unk> .
no sé de ella desde entonces .	no he oído de ella desde que ella desde .
yo comprendo tu lengua .	entiendo la lengua .
eres incapaz de hacer eso .	es imposible que te <unk> para hacer .
¿alguien le conoce ?	¿alguien lo conoce ?
está realmente enfadado .	él es realmente <unk> .
necesito <unk> todo lo que pueda .	necesito todo el <unk> .
¿alguna vez te has <unk> en una <unk> de <unk> ?	¿has <unk> alguna <unk> en un <unk> ?
este libro merece atención .	este libro es el libro de la <unk> .
haría cualquier cosa por ustedes .	haría que lo <unk> .
yo los podría matar .	te podría <unk> .
todavía tenemos que encontrar a tomás .	todavía tenemos que <unk> a tom .
lo <unk> en falta .	lo <unk> .
ella pocas veces sale .	ella se quedó sin previo verano .
<unk> si no vas a llegar a tiempo .	no sé si os <unk> aquí .
<unk> encontrar el libro ?	<unk> el libro ?
ha pasado más de un año desde que tom <unk> boston .	es un <unk> más joven que tom desde el año pasado .
¿quién no estaba aquí ?	¿quién estaba aquí ?
la noche aún es joven .	la noche todavía está <unk> .
en la oficina ha habido mucha <unk> esta mañana .	hay una <unk> de esta mañana .
tengo un libro en la mano .	tengo un libro en mi libro .
tom no podía decidir cuándo comenzar .	tom no pudo comprender cuando evitar .
me pregunto si tom me <unk> francés .	me pregunto si tom me <unk> francés .
no tengo nada que ver con sus problemas .	no tengo nada de <unk> .
le veré en boston .	te veré a ver a boston .
tom le pasó a mary el <unk> .	tom <unk> a mary que maría <unk> la carta .
no tuvimos nada de ayuda de tom .	no podemos ayudar a tom de ayudar .
tenemos cinco dedos en cada mano .	tenemos cinco personas <unk> .
ya he <unk> tu número de teléfono .	ya <unk> tu número de teléfono .
se <unk> al ver el <unk> .	ellos estaban <unk> a la <unk> .
está muy <unk> .	es muy <unk> .
yo estaba escribiendo una carta cuando él llegó .	yo estaba sola cuando estaba sola cuando estaba sola .
se va al extranjero dentro de <unk> meses .	ella está enamorada de comer a las seis meses .
hay un control <unk> <unk> del sofá .	hay un gran terremoto en la televisión .
el diez de julio , el <unk> fue <unk> .	el <unk> estaba <unk> , <unk> .
podemos ir .	podemos ir .
todos aman a los <unk> .	todos <unk> a todos .
sea cual sea tu <unk> y lo feliz que seas en ella , habrá <unk> en los que <unk> haber <unk> otra carrera .	si no puedes tener que sea tu <unk> , te <unk> en <unk> lo que te <unk> , puedes <unk> lo que te <unk> .
vuestra hija ya no es una niña .	tu hija es una <unk> de la hija .
eso no es asunto nuestro .	no es asunto suyo .
está deprimido .	él está <unk> .
tom trató de <unk> a mary a jugar <unk> .	tom trató de <unk> a mary que <unk> a <unk> .
estoy <unk> .	estoy <unk> .
dos ladrones entraron en una tienda .	los dos <unk> se <unk> a un <unk> .
ella se casó con un <unk> .	ella se casó con un <unk> .
este es un buen sushi .	esto es bueno .
tengo que resolver muchos problemas .	tengo un poco de escribir en realidad .
cierra la puerta .	la puerta se <unk> .
el clima es <unk> y <unk> .	el <unk> es <unk> y la <unk> .
ella siempre está ocupada .	ella siempre está ocupado .
tengo que <unk> un regalo que te va a <unk> .	tengo que <unk> una <unk> .
te veré el mes que viene .	te veré el próximo mes .
esa es una pregunta muy difícil .	es una pregunta difícil muy difícil .
me sentí bastante <unk> .	yo sentí <unk> el <unk> .
¿es importante ?	¿es importante ?
¿le gusta san <unk> ?	¿te gusta <unk> ?
tom va a poder venir a nuestra fiesta mañana .	tom es capaz de <unk> mañana .
tom siempre parece estar <unk> en algo .	parece que tom siempre se me <unk> algo .
esta es una <unk> <unk> . no cuesta nada .	no es nada <unk> que <unk> .
ellos <unk> dinero de él .	ellos lo <unk> de dinero .
no te culpo por el accidente . no fue culpa tuya .	no te dije que era el accidente .
los <unk> <unk> todo el tiempo .	todos los días <unk> <unk> de tiempo .
estoy <unk> a ello ahora .	lo estoy acostumbrado a <unk> por ahora .
hay a <unk> les gusta el béisbol , y a <unk> les gusta el fútbol .	como a los estudiantes les gusta el béisbol , a los jóvenes les gusta el béisbol .
quisiera pasar algunos días con tom .	quisiera hablar con tom .
<unk> enseguida .	<unk> que es bastante bien .
ella me <unk> al <unk> .	ella me <unk> a la <unk> .
¿qué hay que hacer ?	¿qué hay que hacer ?
tom ha estado trabajando en este informe desde esta mañana .	este fin <unk> en esta mañana desde el lunes .
ella se <unk> en cantante .	ella se puso un segundo .
él no lo volvió a decir .	él nunca dijo que nunca había vez .
¿qué te hizo cambiar de idea ?	¿qué te <unk> tu nombre ?
tom no tenía idea de por qué mary se fue temprano .	tom no tuvo idea de qué había comido por qué había pasado .
una <unk> de <unk> <unk> al <unk> .	la <unk> de <unk> un <unk> .
tom se cree <unk> .	él piensa que él está <unk> .
yo <unk> un <unk> en mi jardín .	me <unk> un <unk> en mi jardín .
tom no tiene un <unk> <unk> .	tom no tiene un <unk> de carrera .
tom quería a mary .	tom quería mary .
<unk> que tenés suerte ?	¿no crees que tú estás <unk> ?
¿con qué les <unk> ?	¿qué te <unk> con el informe ?
<unk> él llegará tarde a la escuela .	él es difícil de estar para ir al colegio .
tráeme una toalla <unk> .	tráeme una <unk> <unk> de <unk> .
es su <unk> .	eso es su <unk> .
quiero que se <unk> aquí .	quiero que te <unk> aquí .
no vino nadie .	nadie vino .
por extraño que <unk> , ella de repente <unk> .	a ella le gusta viajar .
ellos empezaron a <unk> .	ellos van a dormir .
a cada uno de nosotros se nos dio <unk> dólares .	un montón de tres veces estaba completamente más .
deberíamos haberle contado la verdad .	haber dicho la verdad .
me acuerdo de <unk> visto el año pasado .	me alegro de la navidad .
lo que se habla es más importante que cómo se habla .	lo que es más importante que te <unk> .
tom fue a la playa la semana pasada .	tom fue al cine la semana .
<unk> cinco minutos más .	<unk> minutos al menos que <unk> .
nunca he <unk> en avión .	nunca he <unk> un <unk> en <unk> .
la madre <unk> <unk> esa ayuda <unk> para ayudar a la gente pobre de la india y de todo el mundo .	su madre solía <unk> en el mundo y su madre del mundo .
¿has <unk> en una prueba alguna vez ?	¿tienes un examen <unk> de primera vez en <unk> ?
¿de quién es este vino ?	¿quién es el vino ?
sabía que <unk> a tom .	sabía que <unk> a tom .
<unk> la pregunta .	la pregunta .
no pensé que era tan malo .	no pensé que era tan mal .
¿por qué estás tan seguro ?	¿por qué estás tan seguro ?
¿qué te dio tom en tu cumpleaños ?	¿qué te hiciste a tom por tu cumpleaños ?
¿puede alguno de éstos ser real ?	¿puede ser verdad ?
cogió un taxi para ir al hospital .	ella se sacó un taxi al hospital .
debería ir a casa y dormir un poco .	debería haber dormir y a casa y a casa .
el piloto <unk> el avión sin problemas .	el avión se <unk> el <unk> .
el dinero es la <unk> de todos los <unk> .	el dinero es el <unk> de la <unk> .
ayer cogí el <unk> .	me <unk> ayer .
¿en qué idioma se habla en los estados unidos ?	¿qué <unk> en los estados unidos de américa ?
deberíamos hacerlo todos los lunes .	deberíamos hacer todo lo que deberíamos hacer todos los lunes .
<unk> sentí un <unk> dolor en mi estómago .	de repente , mi abuelo se me sentí tan <unk> en un <unk> .
le aconsejó que <unk> el dinero .	ella le aconsejó que le <unk> el dinero .
debo <unk> tu promesa .	debes <unk> de tu promesa .
eres una mujer .	eres una mujer .
tengo que <unk> un coche .	tengo que <unk> un coche <unk> .
¿por qué siempre <unk> tarde al colegio ?	¿por qué siempre te <unk> por la escuela ?
<unk> tom a beber a menudo con mary ?	tom va a mary con frecuencia ?
ya había más de veinte personas <unk> allí .	ya había <unk> ahí ahí ahí .
¿no te gustaría tomar otro vaso de leche ?	¿no tienes un vaso de leche ?
<unk> todos ellos estén <unk> ahora .	ellos están muerto .
¿qué es lo que verdaderamente te encanta hacer ?	¿qué te parece a hacer lo que hacer ?
ella fue <unk> por su abuelo .	ella fue <unk> por su abuelo .
el niño está <unk> .	el niño es <unk> .
acabé <unk> disculpas .	yo <unk> <unk> <unk> .
puede que su historia sea cierta .	puede ser verdad .
tom fue <unk> .	tom estaba <unk> .
él estaba profundamente dormido .	él estaba completamente <unk> .
un estudiante de <unk> media hizo este <unk> .	esta <unk> se hizo un <unk> .
iré siempre y cuando los demás <unk> .	voy a ir al <unk> .
no tenemos un perro .	no tenemos un perro .
ella se quedó dormida con el <unk> puesto .	ella se <unk> con su <unk> .
me gusta el <unk> corto .	me gusta pelo .
fue <unk> ver lo rápido que <unk> el niño .	por qué estaba <unk> la puerta de <unk> .
esta es una <unk> <unk> .	esto es un <unk> <unk> .
después de comer , siempre me da sueño .	de repente , me <unk> el <unk> .
<unk> a la chica a su casa .	ella <unk> a casa .
tendrás que pagar .	tienes que <unk> .
¿crees que tom <unk> hacer eso ?	¿crees que tom va a hacer eso ?
no os esperaba tan pronto .	no esperaba pronto tan pronto .
¿cuál es tu <unk> favorito de <unk> ?	¿quién es tu favorito de <unk> <unk> ?
¿cuál es la <unk> del cámara de allí ?	¿qué hay de que hay de <unk> ?
john fue a la tienda .	a la tienda se fue a la tienda .
tomé de la mano a mi <unk> cuando <unk> la calle .	me <unk> cuando <unk> a mi hermana .
su casa es grande .	tu casa es grande .
<unk> un <unk> .	te gustaría un momento .
tom y mary <unk> a john .	tom y mary son a john .
hablando <unk> , él no es de <unk> .	él es <unk> , <unk> .
me <unk> cuando sonó el teléfono .	me <unk> el teléfono cuando la teléfono .
no creo que eso sea posible .	no creo que eso es posible .
tengo algo de <unk> de <unk> para la <unk> .	tuve un <unk> de <unk> para la <unk> .
sé cómo resolver el problema .	sé cómo se realizará el problema .
esta manzana sabe <unk> .	esta <unk> sabe por la <unk> .
tenemos algo en común .	te he visto en común .
¿le ha dicho a usted algo <unk> ?	<unk> que él <unk> <unk> ?
me encanta el helado .	me encanta el teléfono .
no me creo lo que dice tom .	no creo lo que dice tom .
¿quién te ayudó ?	¿quién te ayudó ?
mi padre va a <unk> mañana alguna comida deliciosa .	mi padre es para mí , mi padre me <unk> para mí .
tom <unk> algo de dinero del banco .	tom <unk> el dinero de dinero .
tom no tuvo ninguna oportunidad de hablar con mary .	tom no tuvo una oportunidad para que mary .
esta canción es muy popular en japón .	esta canción está en la canción .
quedó a cargo del negocio de su padre .	él se ha <unk> de su padre .
¿cómo puedes estar tan <unk> ?	¿cómo puedes ser tan <unk> ?
mi padre estuvo durmiendo durante la película .	mi padre se <unk> por la película .
está en la oficina .	él está en la oficina .
tom está escuchando .	la <unk> de tom .
tom va a ir al <unk> .	tom va a <unk> a la <unk> .
aún cuando la propuesta parecía ser una buena idea , ellos la <unk> .	ellos se <unk> el <unk> , se me gusta una buena idea .
supongo que ahora realmente estoy en problemas .	estoy en problemas para <unk> ahora .
<unk> aquí .	aquí se <unk> .
tom escribió un libro sobre pájaros .	tom tuvo un libro de la guitarra .
este vino está hecho de <unk> .	esta vino de vino a <unk> de vino .
¿es un pedido o una orden ?	<unk> es un buen viaje ?
nos <unk> el uno al otro en la estación .	nos quedamos sin otra vez en el uno .
mira , sé que estás ocupado .	sé que estás ocupado , <unk> .
deberías <unk> tu <unk> .	deberías <unk> tu <unk> .
hace mucho calor .	es demasiado calor .
tom quería que te <unk> algo .	tom quería decir algo que quería .
no es mío .	no es mío .
ella empezó a <unk> al perro .	ella empezó a hablar al perro .
me quiero ir .	quiero irme .
te voy a extrañar .	te <unk> a <unk> .
tom le preguntó a mary dónde vivía john .	tom le preguntó a mary dónde había dado a john .
parece que va a nevar .	parece que va a la nieve .
estamos entre amigos .	somos amigos .
probablemente tom <unk> .	tom estaba bromeando .
¿qué te gustaría hacer en el futuro ?	¿qué te gustaría hacer en el futuro ?
¿quiere una taza de café ?	¿quieres un café de café ?
la reunión se <unk> a lugar el próximo domingo .	el domingo <unk> el próximo domingo .
ella habló con el presidente .	ella <unk> al <unk> .
el perro <unk> cuando nos <unk> .	cuando <unk> al perro <unk> al perro .
mi hijo no me <unk> .	mi hijo no me <unk> a mi hijo .
es justo lo que quería .	es lo que quería decir .
tom recuerda .	tom <unk> .
conocí a tom .	sabía que tom .
me <unk> .	yo me <unk> .
ese perro es demasiado peligroso para <unk> <unk> .	es demasiado peligroso para que el perro es demasiado peligroso .
¿acaso viste lo grande que es su casa ?	¿cómo viste su casa ?
este problema es un verdadero <unk> .	esto es un <unk> <unk> <unk> <unk> <unk> .
¿cuándo volvió ?	¿cuándo se siente de vuelta ?
solo quiero ir a casa y dormir un poco .	solo quiero ir a casa y a casa y a casa y a casa .
tom <unk> que sus compañeros de clase se <unk> con más respeto .	tom se preguntaba que el uno de que su <unk> <unk> <unk> .
tom no tiene <unk> amigos .	tom no tiene amigos <unk> amigos .
¿con cuánta comida debería estar <unk> a mi perro ?	¿cuánto debería haber <unk> mi perro ?
mi hermana tiene un trabajo .	mi hermana tiene un trabajo .
<unk> dónde se estaba escondiendo tom ?	¿dónde sabes dónde <unk> tom ?
él es un hombre en quien siempre puedes confiar .	siempre se puede ser un hombre en él .
les pedí que me <unk> el coche .	me pidió que <unk> mi coche .
tom quiere <unk> .	tom nos quiere ver .
no comí desde el desayuno , estoy <unk> .	el teléfono que no estoy muy <unk> y no he visto .
su <unk> se ha hecho realidad .	su <unk> se hizo <unk> .
tengo mucha sed .	estoy muy <unk> .
debiste haber dicho eso antes .	deberías haber dicho así .
tom <unk> los dientes .	tom se <unk> la <unk> .
es un <unk> que tom siga vivo .	todavía es un <unk> que tom todavía .
¿se habla inglés en canadá ?	¿está en inglés ?
soy la esposa de tom .	soy el esposa de tom .
¿tiene una tarjeta de <unk> ?	¿tienes un <unk> ?
me estoy <unk> .	estoy divertido .
tom te ha mentido .	tom tiene que <unk> .
la cuenta <unk> a tres mil dólares .	los <unk> <unk> a los días .
se ha <unk> mucho el <unk> de esa <unk> .	esa es muy <unk> .
descubrió una nueva estrella .	él <unk> un nuevo nuevo .
jamás <unk> con él .	nunca lo <unk> con él .
el éxito sólo depende de tu propio esfuerzo .	el <unk> <unk> <unk> <unk> en tu <unk> .
¿sabes lo hermosa que eres ?	¿sabes cómo te <unk> ?
ella es una <unk> <unk> .	ella es un <unk> .
a ella le gusta la <unk> más que cualquier cosa .	a ella le gusta más que más que otra cosa .
tom pasó algunos años en boston cuando estaba en la universidad .	tom se <unk> cuando estaba en boston .
vamos camino a casa .	estamos en casa .
he oído que eres un buen <unk> .	te da bien el tenis que te da bien .
ella estaba <unk> en el sofá con los ojos cerrados .	ella se <unk> con la ojos .
tom negó haber <unk> el <unk> .	tom tenía que <unk> el <unk> <unk> <unk> <unk> <unk> .
el colegio empieza el ocho de <unk> .	la escuela <unk> de la escuela .
tom vio a maría irse .	tom le <unk> a mary .
la semana pasada él estuvo enfermo .	él estaba enfermo hasta la semana pasada .
<unk> <unk> <unk> el <unk> económico .	<unk> <unk> <unk> <unk> <unk> <unk> <unk> .
no te olvides de <unk> .	no me <unk> de comer .
<unk> pasada la medianoche .	la medianoche después de la medianoche .
quiero que ella haga el trabajo difícil .	quiero hacer su difícil de trabajo .
<unk> al ladrón esta mañana .	esta era la mañana estaba <unk> .
te estaba <unk> .	te <unk> .
<unk> , no <unk> tu opinión .	no <unk> su <unk> .
conocen algo .	ellos conocen algo .
estaba intentando ocultar mis <unk> .	estaba tratando de <unk> para mi <unk> .
<unk> con suerte .	estás en ti .
estamos muy <unk> de ti .	nos conocemos muy orgulloso .
<unk> le dio al blanco en el primer <unk> .	el primer <unk> <unk> <unk> <unk> <unk> su primer <unk> .
<unk> a alguien <unk> .	alguien <unk> que <unk> .
el niño todavía está durmiendo .	todavía está todavía .
vemos la televisión juntos .	<unk> juntos .
eso sería poner el carro delante de los caballos .	el <unk> antes de que se <unk> antes de que el <unk> .
¿cómo vas a <unk> este problema ?	¿cómo vas a <unk> este problema ?
el arte es algo serio .	es un buen clima .
yo voy a parís el próximo mes .	voy a <unk> la próximo mes .
mejor vete .	mejor que te <unk> .
tom no tuvo que ir a trabajar hoy .	tom no tuvo que ir al trabajo hoy .
<unk> a mi pregunta .	mi pregunta a mi pregunta .
¿cuántas veces en una hora <unk> los <unk> desde aquí ?	¿cuántas veces por favor ?
tom no quiso saber nada de mis problemas .	tom no quería saber acerca de mi problemas .
me gusta viajar solo .	a viajar solo le gusta viajar .
dinos qué hacer a <unk> , por favor .	por favor , <unk> lo que quieres hacer .
simplemente <unk> .	acaba de <unk> .
él es una persona <unk> .	él es una persona persona .
tom tiene algo que discutir con todos nosotros .	tom nos ha <unk> algo de todo .
tengo una reunión muy importante .	tengo una reunión muy importante .
ellas están conmigo .	ellos me <unk> conmigo .
¿qué más quieres que diga ?	¿qué quieres hacer a mí ?
quiero que <unk> .	quiero ir a ir .
¿dónde está mi paraguas ?	¿dónde está mi paraguas ?
¿querés <unk> ?	¿te gustaría un <unk> ?
tengo que <unk> el <unk> .	tengo que mi pelo a mi pelo .
sé la <unk> razón por la que se <unk> .	sé que se <unk> la educación para su verdadero <unk> .
ya no me importa .	no me gusta el calor .
ella <unk> sola .	ella miró hacia <unk> .
tom es muy diferente .	tom es bastante bastante bastante bastante .
mary <unk> el gran mapa sobre la mesa .	mary se <unk> en el mapa de la mesa .
él se fue a quedar donde su <unk> .	él fue a su hijo con la lluvia .
ayer tom se quedó en casa todo el día .	tom ayer por todos los días .
no puedes ser amigo de todos .	no puedes amigos <unk> con todos .
él viajó con su familia a <unk> .	él <unk> a la familia con la familia .
no me iré hasta mañana .	no voy a estar mañana .
eso debería <unk> .	debería estar suficiente .
es <unk> .	es <unk> .
<unk> <unk> a ayudar ?	<unk> estar haciendo ?
lamento que hayas resultado <unk> en esto .	lo siento <unk> que te <unk> .
si hubiera tenido tiempo suficiente , podría haber visto más de londres .	si podría dar más , tuve más tiempo para que pudiera pasar el tiempo .
tom dijo que él estaba completamente <unk> .	tom dijo que él había sido completamente confuso .
él tiene unos <unk> <unk> .	tiene un <unk> <unk> <unk> .
tom puso su billetera <unk> del asiento del auto .	tom puso su coche <unk> <unk> .
es imposible no <unk> por su <unk> .	no es imposible <unk> por su <unk> .
le <unk> los zapatos .	ella tenía zapatos <unk> su zapatos .
tiene cerca del <unk> de un huevo .	es un <unk> de la <unk> de <unk> .
ella me recibió con una gran sonrisa .	ella me <unk> con un gran terremoto .
todavía está claro afuera .	todavía es <unk> .
vamos a ir a comer el viernes .	<unk> por un rato .
tom <unk> a mary .	tom <unk> a mary .
nuestro tren se <unk> de repente .	nuestro tren <unk> a nuestro tren .
ninguno de nosotros está en contra de sus ideas .	no nos <unk> de sus padres .
le daré una copia a cualquiera que la <unk> .	<unk> a quién le <unk> a nadie que le <unk> un <unk> .
deberías dormir .	deberías dormir .
encontramos una hermosa <unk> azul en la <unk> más <unk> de la <unk> .	la <unk> de que vimos , <unk> un <unk> .
<unk> todas las <unk> de <unk> <unk> .	nosotros <unk> de la falta de <unk> .
a tom le encanta contar <unk> .	a tom le gusta decirle a decir .
esto va a ser fácil .	esta es fácil <unk> .
él sólo sabe hablar un poco de inglés .	él puede hablar inglés .
no tengo ganas de <unk> .	no me gusta el partido .
primero el trabajo , después el <unk> .	<unk> antes de <unk> .
la familia ama mirar <unk> <unk> juntos .	a los <unk> se le encanta a la familia .
lo deben haber sabido desde el <unk> .	ellos debe haberlo hecho de todo .
no quiero hablar con tom nunca más .	nunca quiero hablar con tom nunca más .
tom está a punto de irse .	tom está a punto de ir .
<unk> entrar ?	¿te gustaría <unk> ?
no sé <unk> . es difícil .	no entiendo el difícil .
lo hicieron ellos .	lo hizo .
hoy tom no quiere ver nada .	tom no quiere ver hoy .
no <unk> <unk> a tom .	no pude evitar que tom .
ella estaba <unk> de rojo .	ella estaba en la guerra .
ya es suficiente para todos nosotros .	hemos lo suficiente de que <unk> .
<unk> , ¿me puede <unk> el camino a la estación ?	¿me puedes decir la <unk> , pero me <unk> a la estación ?
las <unk> <unk> son <unk> .	los <unk> han <unk> <unk> <unk> <unk> <unk> <unk> una larga .
ella me trata como si fuera un bebé .	ella me <unk> si conocía su bebé .
nunca <unk> que tom tuviera problemas .	nunca me <unk> a tom que <unk> en <unk> .
eso pienso yo .	creo que creo que eso .
era bastante <unk> .	fue <unk> .
cuidado de no <unk> ese vaso .	no <unk> eso en esa película .
¿cómo pudo ocurrir eso ?	¿cómo podía pasar ?
ahora no estoy estudiando .	no estoy estudiando .
tom no come carne , y mary tampoco .	tom y mary no <unk> la carne .
pídele a tom que me llame tan pronto como <unk> .	tom me <unk> a la estación de <unk> como <unk> .
cada vez que escucho esta canción , lloro .	decidí <unk> esta canción .
fue el mejor día de mi vida .	el mejor que era el mejor .
<unk> a mi pregunta con cuidado .	mi pregunta se <unk> a mi pregunta .
tom está leyendo un libro .	tom es un libro .
murió a los <unk> años de edad .	se murió cuando era tres años .
no me despidieron . me fui .	no estaba completamente <unk> .
él tiene unos <unk> <unk> de <unk> dólares .	de <unk> , tiene un <unk> <unk> <unk> <unk> .
los <unk> se la pasan quejando del clima .	el tiempo siempre siempre se levanta al tiempo .
la voz me <unk> a mi madre .	mi madre me <unk> de la gente .
ellos <unk> a su país de los <unk> .	ellos <unk> la <unk> de <unk> .
¿lo has hecho tú sola ?	<unk> ?
el perro debe de estar <unk> .	el perro debe de perro debe hacer que el perro .
la casa de tomás y maría es muy <unk> .	tom y mary es muy <unk> .
tom está borracho .	tom es <unk> .
no <unk> mi paciencia .	no <unk> mi hermana .
ahora es tiempo para empezar a estudiar .	ahora es hora de estudiar hora de estudiar .
tom se quitó los zapatos y los calcetines .	tom se sacó los zapatos y los zapatos .
la prisa es mala <unk> .	<unk> la <unk> .
mi hijo es <unk> .	mi hijo es un hijo .
en caso de emergencia llama a la policía .	en el policía le encanta el policía .
me <unk> imposible acabar el trabajo en una hora .	es imposible que me vaya a un trabajo en la vida .
no tengo toda la noche .	no tengo <unk> toda la noche .
él no es estúpido .	no es estúpido .
tengo una idea mejor .	tengo una idea mejor .
ni soy canadiense .	ni siquiera estoy canadiense .
" rápido " es el contrario de " <unk> " .	" " " <unk> " " " " " <unk> " <unk> " <unk> " <unk> . "
el tren ha pasado el cambio de <unk> .	el tren es el tren de <unk> .
este cajón es de madera .	esa caja es <unk> de la caja .
ellos se van a encontrar mañana en el hotel .	ellos van a ir a la hotel mañana .
mi padre <unk> cuarenta pronto .	mi padre va a ser <unk> .
¿qué es esa cosa ?	¿qué es eso ?
tom volvió a dormir .	tom fue a dormir .
este <unk> es igual al que perdí hace una semana .	esta es la semana que se me <unk> que se <unk> la semana .
el soldado <unk> herido en el suelo .	el muchacho se <unk> en el <unk> .
<unk> enamorado de tu esposa ?	todavía estás en tu esposa ?
tom tuvo un muy mal día .	tom tuvo un día muy mal día .
ella <unk> el trabajo con facilidad .	ella <unk> el trabajo con la empleo .
necesito descansar .	necesito <unk> .
tom y mary <unk> seguir a john .	tom y mary se negó a john y john .
la hice feliz .	ella le <unk> feliz .
tom no es tan <unk> como mary .	tom no es tan <unk> como mary .
las <unk> son <unk> .	las <unk> están <unk> .
su situación <unk> .	el <unk> se <unk> para su hijo .
tom fue mi <unk> al mando .	tom estaba <unk> de mi <unk> .
¿es tu primera <unk> en parís ?	¿es <unk> en esta primera vez en parís ?
yo como queso .	yo <unk> .
no tienes que hablar .	no tienes que hablar .
<unk> de llorar como una niña !	a la chica de <unk> como una chica .
yo entiendo tu punto de vista , pero aun así no estoy de acuerdo .	todavía no me acuerdo , pero no estoy de acuerdo .
fuimos al museo .	nos quedamos al museo .
me gusta la música <unk> .	me gusta la música .
estoy leyendo una carta .	yo he leído una carta .
quiero volver a escalar el <unk> <unk> .	quiero <unk> de nuevo .
sabes lo que tienes que hacer .	debes hacer lo que quieres hacer .
quiero llegar al aeropuerto <unk> a primera hora de la tarde .	quiero <unk> al lado para el año pasado .
busqué mi cuarto .	miró mi cuarto .
¡no seas tan <unk> !	¡no te <unk> !
¿quieres ver esto ?	¿querés quedarte esta <unk> ?
gracias por el consejo , tomás .	lo digas , tom lo <unk> .
es un problema sin <unk> como lo <unk> .	es un problema para la <unk> .
no creo que nadie haya <unk> lo que tom hizo .	no creo que nadie le pasó a tom .
¿has hecho trampa en un examen alguna vez ?	¿tienes un examen <unk> de primera vez en <unk> ?
tom es hijo único .	tom es sólo .
si te <unk> después de clase , puedo ayudarte con tu <unk> .	si puedes conseguir los <unk> , puedes conseguir las <unk> de tu clase de la clase de <unk> .
sé que no pasará otra vez .	sé que no volverá a pasar .
tom le pasó la <unk> a mary .	tom <unk> a mary .
mi padre sí que juega al golf , pero no lo hace bien .	mi padre no va bien en la <unk> , pero mi padre .
<unk> durante la cena .	<unk> que está a cenar .
él es demasiado mayor para ella .	él es demasiado vieja para ella .
lo ayudé a <unk> la calle .	le pedí a <unk> el baño .
¡qué horrible !	¡qué <unk> !
ellos <unk> algún <unk> .	ellos están <unk> .
¿qué estabas diciendo ?	¿qué te ha comprado ?
le pido <unk> que lo haga con cuidado .	te lo <unk> que te <unk> .
tom <unk> a mary su mejor amiga .	tom cree que mary cree a su mejor que mary .
a las <unk> <unk> les encanta comer <unk> mientras <unk> de <unk> .	el amor <unk> de <unk> en <unk> , el <unk> <unk> <unk> <unk> <unk> a su corazón .
necesitamos vuestra ayuda .	necesitamos tu ayuda .
se puede llegar a la ciudad en auto en menos de 20 minutos desde aquí .	el partido puede ser más tarde que el auto en menos de semana .
él se decidió a estudiar de <unk> .	él hizo <unk> para <unk> su vestido .
el hombre que conociste en la estación es mi padre .	mi padre es el padre del padre de mi padre .
a pesar de que pueda ser inteligente , no es <unk> .	no puede <unk> , él es <unk> .
<unk> fútbol después de la escuela .	<unk> después de la escuela después de que la escuela .
por favor <unk> las reglas de la escuela .	por favor , <unk> la escuela .
parece que tom disfruta verdaderamente de estar aquí .	parece que tom parece muy bien .
tom se hizo <unk> una <unk> para la <unk> .	tom se me <unk> un <unk> .
¿eres un <unk> del <unk> ?	¿estás <unk> de <unk> ?
el accidente <unk> el tráfico .	el accidente <unk> .
esta vez lo haré a mi manera .	lo haré que lo haré mi tiempo .
<unk> gato vino de <unk> pájaros .	a los madre se les encanta el teléfono .
te doy 5 dólares .	te voy a <unk> cinco dólares .
tom ha estado trabajando como <unk> desde que se graduó de la universidad .	tom ha estado desde el <unk> desde que se ha estado en la <unk> .
<unk> la ley .	él dejó la situación .
¿te gustaría venir ?	¿te gustaría venir ?
lo <unk> a decir la verdad .	ellos lo <unk> a la verdad .
tom se siente mal por mary .	tom le <unk> a mary .
tom nunca miró de vuelta .	tom nunca miró a la cama .
la cena fue <unk> .	la cena estaba <unk> .
<unk> , la causa de la enfermedad es <unk> .	en el teléfono , la estación de las noticias .
ella dejó su trabajo el mes pasado .	ella el trabajo en el mes .
este camino es muy <unk> para que <unk> los <unk> .	esta <unk> es demasiado <unk> para <unk> para <unk> para la <unk> .
yo puedo estar equivocado .	podría ser equivocado .
tengo que <unk> de <unk> este dinero .	no me he dejado dinero para <unk> este dinero .
¿tienes un libro ?	¿tienes un libro ?
estoy <unk> por la tecnología .	estoy <unk> para la <unk> .
a tom le encanta escuchar música <unk> .	a tom le gusta <unk> la música .
ella <unk> a <unk> .	ella <unk> para la <unk> .
tom ha hecho un excelente trabajo .	tom tiene un empleo de trabajo <unk> .
¿te despidieron de tu último trabajo ?	<unk> la última vez que te <unk> de tu trabajo ?
él adora <unk> a la gente .	solo acaba de gente a la gente .
esa película es para niños .	ese es para los niños .
tom come la misma comida día tras día .	tom y el día entre al día en la comida .
no me gusta nada el béisbol .	no me gusta todo el béisbol .
la libertad no es <unk> .	no es <unk> .
¿qué dijo ?	¿qué hiciste ?
estaba equivocado .	estaba mal .
su casa fue <unk> por diez mil dólares .	su casa estaba <unk> para su casa .
nosotros podemos pagar .	podemos <unk> .
se fue a la tienda en bicicleta .	él fue al cine en la tienda .
tienes un <unk> de <unk> todo .	tienes todo el todo lo que tienes de <unk> .
estoy teniendo problemas para <unk> .	estoy problemas para <unk> .
algunas personas dicen que comer tarde por la noche es malo para la salud .	la gente es demasiado tarde para que la gente <unk> a las personas <unk> que se le gusta tu malo .
ella sabe qué hacer ahora .	ella sabe qué hacer ahora .
mis padres son <unk> , pero vinieron a <unk> en el <unk> .	en los <unk> son mis padres , pero están <unk> .
mi hermana menor se casó antes de los 20 .	mi hermana se me da de <unk> en su hermana .
estamos <unk> más <unk> .	estamos más <unk> más <unk> .
<unk> la <unk> con ambas manos .	los dos los dos <unk> a la mano .
<unk> café ?	<unk> café ?
será mejor que no te <unk> con ella ahora .	no deberías ver ahora .
no quiero ver a tom .	no quiero ver a tom .
mi madre está ocupada preparando la cena .	mi madre está ocupado que el mundo .
estaré de vuelta en menos de cinco minutos .	yo estará cinco minutos en menos de menos que las cinco minutos .
tom sabe cómo manejar una <unk> <unk> .	tom puede <unk> un <unk> .
quédate ahí .	tienes allí .
¿hay algo que <unk> hacer ?	¿hay algo que necesitamos ?
¿quién habla francés ?	¿quién habla francés ?
¿tienes coche ?	¿tienes un auto ?
<unk> de cenar .	solo nos <unk> .
tom se las <unk> todas a una sola carta .	tom se puso a su hijo en la huevos .
tom escuchó la alarma .	tom escuchó <unk> la puerta .
ven aquí antes de las siete .	aquí se ven antes de los <unk> antes de la <unk> .
su cara <unk> .	su cara <unk> la cara .
<unk> tiempo .	lo <unk> de tiempo .
¿dónde dijiste que <unk> esto ?	¿dónde te escondiste ?
¿por qué no le <unk> su consejo ?	¿por qué no nos <unk> su <unk> ?
ella nos dio un regalo .	ella nos dio un obsequio .
él ha ido a la biblioteca .	él se ha ido a la biblioteca .
por favor , siéntate .	por favor , <unk> .
no lee más que novelas .	ella no <unk> nada más .
ella se suicidó <unk> de un puente .	ella se dio el teléfono por la noche .
anoche llovió mucho .	tuvimos una semana pasada la noche que nos <unk> .
yo <unk> ropa por internet .	<unk> <unk> <unk> <unk> .
nosotros <unk> a la casa <unk> .	nos vimos la casa .
tom no parece estar muy interesado .	tom no le <unk> muy bien .
hace calor en la habitación .	la habitación está <unk> .
no estoy de acuerdo .	no estoy de acuerdo .
está claro que te van a <unk> si no <unk> más .	si no <unk> más .
lo que a ti te parece simple , a mí me parece <unk> .	parece que parece <unk> lo que me <unk> a <unk> .
¿por qué debería ayudarte ?	¿por qué debería ayudar ?
nueva york es una de las ciudades más grandes del mundo .	la nueva york es uno de los libros más grande que el mundo .
me <unk> que llueva mañana .	me temo que puede llover mañana .
tom le preguntó a mary si él podía tomar <unk> su bicicleta .	tom le preguntó si conocía a mary .
me alegro mucho de <unk> .	me alegro de verte muy <unk> .
les dije que me <unk> otro boleto .	me dijo que <unk> otra vez .
¿me <unk> qué debo hacer <unk> ?	¿qué debería decirle a <unk> ?
tienes que dar cuenta de tu <unk> .	tienes que <unk> por tu error .
tom se rió de algunos de los chistes de mary , pero pensó que algunos de ellos no eran muy <unk> .	tom se siente muy orgulloso de mary , pero el <unk> .
¿cómo sabes que pasará eso ?	¿cómo sabes que <unk> a pasar ?
<unk> en mi habitación .	me <unk> en mi cuarto .
nadie le <unk> .	nadie le <unk> .
fuiste <unk> .	tú <unk> .
todavía tengo mis dudas .	todavía todavía me he visto .
su discurso me <unk> .	su <unk> me <unk> .
la <unk> <unk> es mía .	el <unk> está <unk> de la mía .
por favor , <unk> la puerta .	por favor , <unk> la puerta .
no pude ir a su fiesta de cumpleaños .	no estaba a ir a su cumpleaños .
solo pregunto .	solo estoy solo .
después del desayuno fuimos a <unk> .	después de caminar , <unk> .
tom tiene que volver a boston mañana .	tom tiene que ir a boston mañana .
parece ser que tom ha intentado <unk> .	tom se <unk> el <unk> para que el <unk> .
él dice que no se <unk> de fumar .	no dice que él <unk> de que él <unk> .
<unk> a ti mismo .	<unk> .
no puedo estar más de acuerdo .	no puedo de más .
ella esperó a que la <unk> .	ella lo esperó para <unk> .
¿cómo pueden estar tan <unk> ?	¿cómo puedes ser tan <unk> ?
a él le encanta viajar .	le encanta los <unk> <unk> .
no quiero escuchar tus <unk> nunca más .	no quiero <unk> más .
tom está confundido .	tom es <unk> .
ayúdame a elegir un sombrero que <unk> con mi vestido nuevo .	por favor , <unk> a mi nuevo sitio web que me <unk> por favor .
eso <unk> todos los días , ¿no es así ?	eso todos los días , ¿no ?
compré este libro para mí , no para mi esposa .	no lo he dejado mi esposa , mi esposa por mucho .
eres demasiado joven para morir .	eres demasiado vieja para ti .
nos quedamos toda la noche hablando .	<unk> toda la noche .
prefiero comer otra cosa .	prefiero comer a comer más .
mientras más <unk> , más nos <unk> cuenta de lo poco que sabemos .	lo que vimos , nos vimos más importante .
te veré cuando vuelva .	te voy a ver cuando te <unk> .
he <unk> mi teoría .	me <unk> mi <unk> .
nunca volví a hablar con él .	nunca lo <unk> de nuevo .
¿quién va allí ?	¿quién se hizo allí ?
ese <unk> se <unk> con la pena de muerte .	esa muerte de la muerte es <unk> por la muerte .
la mitad de los estudiantes estaban <unk> .	los estudiantes estaban <unk> .
me <unk> por no llevar puesto el <unk> .	no estaba <unk> para un <unk> .
voy a dormir en el piso .	<unk> el piso .
todas las mujeres <unk> que tom era realmente apuesto .	tom estaba muy borracho .
mi inglés no es nada bueno .	mi inglés no es muy bien en inglés .
esa casa me pertenece a mí .	eso me pertenece .
la pequeña <unk> llegó a la vista .	el <unk> se <unk> por los <unk> .
cuando <unk> manos con alguien , debes <unk> a los ojos .	cuando <unk> , tienes que <unk> el manos en la mano .
debemos obedecer las reglas .	debemos <unk> la gente .
ya me siento mucho mejor .	ya ya tengo mucho mejor .
¿qué más puedes hacer ?	¿qué puedes hacer más ?
se casó a los <unk> .	ella se quedó cuando estaba casado con <unk> .
tom se preguntaba lo mismo .	tom no pudo decir la misma cosa .
<unk> tus <unk> !	<unk> tu <unk> !
él no pudo cumplir la promesa que hizo a su padre .	él no podía <unk> el <unk> de que se <unk> .
no significa que <unk> de hacerlo .	no lo haría de que <unk> eso .
ella tiene vino .	ella tiene vino .
está claro que es rico .	es claro que él era rico .
había <unk> que <unk> <unk> su <unk> .	había <unk> que <unk> a su <unk> .
mi amigo <unk> ayudar a mi hijo con sus estudios .	mi amigo quiere <unk> mi hijo <unk> con mi hijo .
tom siguió escribiendo .	tom se hizo ni siquiera .
ella hablaba mientras <unk> .	ella le <unk> a él .
él solo tenía treinta y seis años .	solo estaba años <unk> .
tom no tiene enemigos .	tom no tiene bastante listo .
tom tiene que buscar un trabajo .	tom tiene que tiene un empleo .
supongo que <unk> <unk> con quién estaba anoche .	quiero que me <unk> que <unk> con anoche .
tom todavía vive con su madre .	tom todavía vive con su madre .
espera a la policía .	<unk> la policía .
puedes venir con nosotros .	puedes quedarte con nosotros .
el <unk> de <unk> es <unk> .	la <unk> es <unk> para la <unk> .
dicen que una mirada vale más que mil palabras .	ellos es más difícil que la pena que la pena ver que la pena ver que la pena ver .
no está bien intentar <unk> las ideas <unk> a los demás .	no deberías <unk> a tu pasaporte .
no <unk> ver la diferencia .	veo al diferencia .
también hablo francés .	también habla francés .
una mujer escribió 30 libros sobre cómo ser feliz , y entonces se suicidó .	por tan pronto como pueda hablar y a una vez , pero tu computadora se <unk> y para pedir un poco <unk> y para pedir un poco .
tom se <unk> en la <unk> de arriba .	tom <unk> en la <unk> .
tom es un chico malo .	tom es un mal mal mal .
ellos <unk> cuando están en peligro .	cuando están en el peligro , ellos se están .
esta copia está llena de errores .	esta ciudad es de la <unk> .
¿te ha visto alguien ?	<unk> a ver ?
tom , ¿estás dormido ?	¿estás <unk> , tom ?
de verdad que necesito un <unk> ahora .	ahora necesito un montón para beber .
el <unk> fue <unk> en el aeropuerto .	el teléfono fue <unk> en <unk> por el <unk> .
tom no es un chico <unk> . de hecho , él trabaja duro .	tom es un <unk> de que no se <unk> .
tom <unk> su fiesta hasta que maría saliera del hospital .	tom se quitó el hospital de mary .
¿quieren tener hijos ?	¿querés niños quieres que hacer ?
ellos están <unk> a aprender inglés .	ellos están inglés .
<unk> a tom , a pesar de que no fue su culpa .	tom no estaba <unk> de que su culpa .
hoy es fiesta .	hoy es un buen calor .
tenemos el problema <unk> .	tenemos el problema .
a él le gusta mucho el béisbol .	a él le gusta mucho el béisbol .
mis padres no me <unk> volver a ver a tom .	a tom no me dio a ver a mis padres .
él se <unk> cuando toca la guitarra .	cuando él es el <unk> cuando está <unk> .
se <unk> las clases .	la escuela está <unk> .
yo soy de <unk> .	estoy de <unk> .
no es una buena persona .	ella es una buena persona .
<unk> acerca del <unk> de tom ?	¿has entendido el <unk> de tom ?
quizás tom estaba escondiendo algo .	tom fue algo <unk> .
hace diez grados bajo cero ahora .	ahora es diez años .
esta fiesta está <unk> .	esta fiesta es la fiesta .
tom <unk> segundo .	tom se marchó de comer .
fue una gran fiesta .	esa fiesta era una fiesta .
soy de <unk> .	estoy de <unk> .
la niña es chica para su edad .	la chica de su edad es para la chica .
no quiero vivir contigo .	no quiero vivir con vos .
mamá nos ha comprado un <unk> .	nos compró una <unk> para <unk> .
tienes las manos <unk> .	tienes <unk> .
¿y tu bebé ?	¿dónde está tu bebé ?
los mejores <unk> son <unk> .	los <unk> son <unk> .
no quiero que se <unk> tom .	no quiero <unk> a tom .
ella le <unk> a su hermana .	ella le <unk> a su hermana .
¿por qué no viniste ayer ? te esperé mucho rato .	¿por qué no viniste por qué hora ayer .
él se <unk> en el suelo .	él <unk> el piso .
<unk> están buenas .	<unk> son <unk> .
¿cuál es la comida a la que jamás <unk> ?	¿qué es una comida que no podía comida más ?
¿cuándo <unk> para boston ?	¿cuándo te vas a boston ?
<unk> no sé cómo seré capaz de cumplir con todos los <unk> !	<unk> solo sé cómo <unk> mi <unk> !
ella pesa mucho más que él .	ella es mucho más que él .
¿tienes un <unk> ?	¿tienes un <unk> ?
<unk> que no <unk> muy ocupados .	ellos no lo <unk> muy ocupado .
¿ella te enseñó la foto ?	<unk> la foto ?
esta mesa está <unk> de buen <unk> .	esta es bueno de <unk> .
es la última vez que <unk> un regalo .	esta es la última vez que yo puedo encontrar un regalo .
lo importante es tener tu propio pasatiempo .	la cosa es lo que tengo que hacer es importante .
todavía no he <unk> .	no he comido todavía .
ella habla con <unk> .	ella le <unk> .
tuve que darle una oportunidad .	tuve que <unk> una <unk> .
¿este bus se <unk> al museo ?	<unk> el museo ?
lamento haberle <unk> tantos problemas .	estoy haber hecho tan <unk> mucho que <unk> .
lamento esas <unk> palabras .	las <unk> <unk> <unk> <unk> para la <unk> .
ella <unk> inglés .	ella <unk> inglés .
puse el <unk> en el <unk> .	<unk> la <unk> de <unk> .
quiero que mis hijos <unk> lo mejor .	quiero que mi mejor todo lo mejor .
por favor no <unk> mi <unk> .	por favor , no <unk> a mi <unk> .
<unk> el coche por favor .	por favor , <unk> tu auto .
<unk> a tom y <unk> lo que <unk> de <unk> .	tom me preguntó qué <unk> y lo que le <unk> .
tú pareces un <unk> .	te ves un <unk> .
me fui a la cama más tarde de lo habitual .	fui a la cama a la cama que fui más tarde .
¿dónde estabas cuando ocurrió la <unk> ?	¿dónde estabas cuando <unk> el <unk> ?
es posible que eso sea cierto .	puede que sea verdad .
ayer comí pescado .	comí ayer me comí ayer .
la verdad puede ser más <unk> que la mentira .	el <unk> puede ser más que la verdad .
agradecería que me <unk> tan pronto como le sea posible .	yo <unk> la posible a la <unk> de <unk> como yo esperaba .
quiero unos zapatos <unk> , no <unk> .	no quiero dar zapatos .
detesto perder .	odio los domingos .
es un <unk> sin corazón .	él es un <unk> .
¿qué lugares <unk> visitar ?	¿qué te gustaría saber cómo hacer a visitar ?
vayamos a <unk> una bebida .	<unk> que te <unk> .
¿es usted japonés ?	¿estás japonés ?
tengo una <unk> de trabajo mañana a las dos de la tarde .	tengo un trabajo para la <unk> de <unk> .
se nos <unk> el agua .	hemos <unk> de agua .
su casa se <unk> en la colina .	la <unk> la <unk> de su <unk> .
ella <unk> haber visto al hombre .	ella vio el hombre que ella <unk> .
tom tiene piernas <unk> .	tom tiene <unk> .
es sabido que fumar es malo para tu salud .	es de que no se <unk> por la mala malo .
deseo que mi sueño se hiciera realidad .	ojalá vino a mi sueño .
los <unk> de tráfico <unk> todos los días .	todos los días todos los días <unk> todos los días .
les vimos irse .	nos vio .
no tengo tiempo para eso .	no tengo tiempo para eso .
he estado buscando mis llaves todo el día .	he estado buscando mis llaves por todos los días .
no quería creer las cosas que tom dijo acerca de maría ayer .	no quería que tom había visto a mary ayer por la cosas .
¿cómo se llama ?	¿cuál es su nombre ?
tomó un <unk> a <unk> del bosque .	él se sacó una <unk> de <unk> .
tom probablemente sabía quién era yo .	sabía quién era quién estaba <unk> .
deja libre la tarde del próximo sábado por favor .	por favor , <unk> el próximo domingo <unk> al lado de la <unk> .
ella me <unk> una tarta .	ella me hizo una torta .
tom sabe lo que tiene que hacer .	tom sabe qué hacer .
soy más rápida que ustedes .	lo estoy más rápido .
el escritorio está hecho de madera .	la escritorio es de madera .
ella hizo feliz a su madre .	ella le <unk> a su madre .
llévate mi coche .	mi coche me <unk> .
si me <unk> hablado antes al respecto , yo podría haber estado libre . como sea , mañana tengo planes de volver a casa .	si lo dije , <unk> de comer a casa .
esta y esa son dos <unk> diferentes .	esta pregunta y <unk> es dos <unk> .
el verano <unk> .	el verano tiene verano .
¿no tienes frío ?	¿no has sido frío ?
¿cómo estuvo el <unk> ?	¿cómo estuvo el asunto ?
le dio una respuesta <unk> .	él dio un <unk> .
¿quién es tu profesor de francés ?	¿quién es tu profesor ?
ambas están bien .	están bien .
<unk> mis ojos y <unk> mi cabeza .	me <unk> a mi ojos y se me <unk> .
tom se sentó junto a mary en el concierto .	tom se sentó al concierto a mary .
¿con <unk> viven ?	¿quién te quedarás ?
¿cuántos años tienen vuestros hijos ?	¿cómo son los niños ?
el <unk> de esquí da <unk> .	la <unk> se parece <unk> .
la navidad es el <unk> de <unk> .	navidad es un día <unk> .
yo lo tomé prestado .	lo <unk> .
lo siento por ti .	yo siento para ti .
tom normalmente solo lee los <unk> .	tom solo vio la <unk> .
yo no quiero abrir la ventana .	no quiero dejar la ventana .
ella estaba entre los niños .	ella se sintió obligado .
los dos somos <unk> .	los dos estamos <unk> .
sus bromas nos <unk> <unk> de risa .	su <unk> nos <unk> en su <unk> .
tom estuvo pensando en lo que mary le había contado .	tom le dijo a mary que le había comprado sobre lo que había pasado .
sois demasiado jóvenes para morir .	eres demasiado vieja para ti .
¿cuántas preguntas había en el examen ?	¿cuántas <unk> <unk> en el examen ?
se requiere <unk> que ellos <unk> sus <unk> .	hay una <unk> para <unk> para que se <unk> es una <unk> para <unk> .
si yo fuera tú no iría allí .	no te dije si te vayas .
a tom no le fue bien en el examen .	tom no hizo bien el bien .
tuve un día realmente duro .	tenía realmente <unk> un día .
es fácil para ti .	es fácil para ti .
sus amigos están allá dentro .	hay amigos en tus amigos .
tom le dio un beso <unk> a maría .	tom le dio un <unk> a mary .
escriba un <unk> con <unk> de cuatro <unk> .	los <unk> se <unk> a un <unk> con tres <unk> .
¿ya encontraste a tom ?	¿has visto que tom ?
un niño está <unk> el <unk> .	el niño es <unk> .
¿en qué año <unk> ?	¿qué estás <unk> a la año ?
debe haber un malentendido entre nosotros .	hay algo que <unk> .
estoy <unk> esa taza .	estoy bebiendo de que estoy bebiendo .
ojalá hubiera salido de casa cinco minutos antes .	si solo tuve cinco minutos a casa , tuve más tarde .
todas ellas entraron .	todos <unk> .
prefiero ir a la montaña en verano .	yo preferiría ir al verano en la <unk> .
tu libro está sobre el escritorio .	el escritorio está en el escritorio .
soy <unk> .	estoy <unk> .
él me golpeó en la cabeza .	él me <unk> en la pared .
ya me había tomado un café .	ya ya me he visto un café .
ya no hay un sólo lugar seguro en japón .	no hay un lugar donde japón en lugar .
aún tenemos algo de dinero .	todavía tenemos un poco de dinero .
le di al <unk> todo el dinero que tenía .	me dio el dinero me había <unk> en el <unk> .
hoy hace bueno .	hoy es difícil .
puedo pagar por <unk> .	no puedo <unk> .
<unk> absolutamente seguro !	estoy seguro de que me <unk> !
él murió <unk> en la guerra de <unk> .	murió el <unk> de <unk> .
<unk> al mediodía .	tuvimos a las dos <unk> .
<unk> de nuevo pronto .	<unk> a nuevo pronto .
mi ciudad natal es muy bonita .	mi hermana es muy <unk> .
usted es buena .	eres bueno .
no os conozco .	no sé que tú .
estudia inglés todos los días .	todos los días <unk> todos los días .
yo <unk> tres <unk> ayer .	ayer me <unk> ayer .
¿sabes <unk> en <unk> ?	¿puedes <unk> en <unk> ?
hace demasiado calor .	es demasiado calor .
¿crees que tom <unk> éxito ?	¿crees que tom va a <unk> ?
pensé que tom vendría a <unk> .	pensé que tom me <unk> .
<unk> las sobras al perro .	<unk> al perro .
el profesor <unk> al muchacho por su <unk> .	el profesor <unk> el profesor para su profesor .
¿sabes cómo funciona esta máquina ?	¿sabes cómo se <unk> esta lavadora ?
los niños <unk> el <unk> y el guardia los <unk> .	los niños se <unk> en la <unk> y los niños .
él llegó a la estación a las cinco .	él llegó a la estación .
yo era demasiado rápido .	yo estaba demasiado rápido .
estaba <unk> por escapar .	él fue <unk> para <unk> .
<unk> usted su idea con más <unk> .	<unk> más es más fuerte .
tom piensa que la respuesta es sí .	tom cree que la respuesta es la respuesta .
su aliento huele a queso de cabra .	su <unk> como se <unk> de <unk> .
sus <unk> se <unk> al oír el <unk> .	ella estaba <unk> cuando su <unk> cuando ella estaba <unk> .
japón importa varias <unk> <unk> desde el extranjero .	japón <unk> de japón <unk> <unk> <unk> <unk> al extranjero .
yo me <unk> aquí hasta que él <unk> .	hasta que él se <unk> aquí .
¿puedes dejar esto conmigo por un rato ?	¿me <unk> a esta tarde ?
estoy seguro de que tom <unk> <unk> a mary de ir a boston con él .	estoy seguro de que tom lo <unk> a boston con mary .
la gente le <unk> a la guerra .	la gente tiene miedo de la guerra .
tom quedó sorprendido de que mary se <unk> tanto .	tom estaba tan <unk> que mary era mucho .
la compañía tiene un capital de un millón de dólares .	el soldado tiene una <unk> de la compañía .
tienes que estar bromeando .	<unk> !
a los <unk> les gusta viajar en grupo .	a los dos les gusta viajar de <unk> a la <unk> .
tom <unk> a su madre para que le <unk> el coche durante el fin de semana .	tom le <unk> el auto de <unk> a su madre .
tom no se <unk> nunca .	tom nunca <unk> .
él es un <unk> muy <unk> .	él es un <unk> .
su nombre , por favor .	por favor , <unk> tu nombre .
aquí es donde él se suicidó .	esta es la peor que se <unk> .
tiene usted que <unk> esos <unk> .	tienes <unk> <unk> <unk> <unk> <unk> .
los <unk> <unk> siempre mirando hacia la <unk> .	siempre <unk> siempre <unk> .
quiero ir a francia .	quiero ir a francia .
nuestro <unk> se <unk> .	nuestra <unk> está <unk> .
¿cuánto <unk> él ?	¿cuánto es él ?
¿cuántos <unk> tienes en tu <unk> ?	¿cuántas <unk> tienes en tu <unk> ?
la música de <unk> es bella .	la música es <unk> .
por favor habla más alto para que todo el mundo pueda oírte .	por favor , <unk> todos los demás <unk> .
ellos siempre estaban bromeando .	siempre <unk> .
el <unk> para la tos sabe a <unk> .	el <unk> tiene un <unk> .
esto es un <unk> .	esto es un <unk> .
no pasó mucho antes que nos <unk> <unk> otra vez .	no hicimos una cerveza antes de nuevo antes de nuevo .
tengo que <unk> .	lo he <unk> .
pensé que eras mi mejor amigo .	pensé que habías dicho que mi mejor .
¿cuánto tiempo te <unk> pintar mi casa ?	¿cómo <unk> mi casa a mi casa ?
pronto <unk> .	pronto <unk> el día .
es cruel .	eres <unk> .
¿no le <unk> una carta ?	¿no le dio una carta ?
era lo suficientemente <unk> .	era lo suficientemente <unk> .
<unk> la radio , por favor .	por favor , <unk> la radio .
deja que te dé mi tarjeta de <unk> .	déjame <unk> mi <unk> .
algunos de ellos son <unk> , y algunos son <unk> .	algunas son <unk> de <unk> .
estoy cansado y quiero irme a casa .	estoy cansado y estoy cansado .
tom <unk> que lo que hizo estuvo mal .	tom hizo lo que hizo lo que era <unk> .
la sangre era de un rojo <unk> .	el sol estaba <unk> de la guerra .
te di un libro .	te di un libro .
mi tía <unk> de buena salud durante toda su vida .	su vida se le <unk> la vida .
su manera de hablar me <unk> .	su camino me <unk> de <unk> .
con tus <unk> , deberías ser capaz de encontrar un trabajo para tom .	deberías <unk> a tom , deberías <unk> tu trabajo con vos .
es la mejor forma de resolver el problema .	es el mejor forma de la mejor .
tom le dijo a mary que se iba a <unk> , pero que no tuvo el <unk> para hacerlo .	tom se dijo que no tenía que era <unk> el único que era <unk> , pero mary .
sabía que te gustaría .	lo gustaría que te gustaría .
ha vivido aquí toda su vida .	está aquí hasta que él <unk> la vida .
nos vemos la próxima semana , tom .	a tom le has oído la semana que te ves .
¿qué tienes en el menú hoy ?	¿qué has escuchado hoy ?
<unk> <unk> sin el aire .	sin aire morimos .
¿puede darme algunas de <unk> ?	¿me puedes hacer un poco de estos ?
no me hagas sentir mal por hacer lo que hice .	no me siento tan mal acerca de lo que me <unk> .
las <unk> no se <unk> y tuve que entrar por el <unk> .	la <unk> de que no tenía miedo a la <unk> .
te veré mañana en el desayuno .	te veré mañana a ver mañana .
no estés tan <unk> .	no seas <unk> .
el próximo mes hará diez años que vivo aquí .	he dejado diez años que <unk> aquí durante diez años .
ayer la pasé verdaderamente bien .	ayer me tenía un buen tiempo .
aquí estarás seguro .	te <unk> aquí .
se fue después de que <unk> .	se fue después de que él había ido .
no hay absolutamente ninguna manera en que yo vaya de viaje solo .	no hay ningún viaje que yo puedo ir a <unk> por esa manera .
él es un <unk> .	él es un <unk> .
también es una <unk> .	ella es un <unk> de <unk> .
la <unk> es una <unk> .	la <unk> es un <unk> .
en cuanto llegue , <unk> .	<unk> que él me conoce a la biblioteca .
gracias por preocuparte de mí .	gracias por tu <unk> .
deme una taza de té , por favor .	por favor , <unk> de té .
él vive ahí solo .	él vive allí solo .
mi esposa <unk> dinero como si yo fuera el hombre más rico en la ciudad .	si <unk> mi esposa , <unk> <unk> fue el hombre en el hombre que mi esposa , me <unk> a la ciudad .
¿qué pasa conmigo ?	¿qué me acerca de mí ?
¿cuándo quieres que esté de vuelta aquí ?	¿cuándo quieres que me <unk> aquí ?
alguien entró en la habitación .	alguien se ve la habitación .
veamos cómo <unk> tom a eso .	por qué no le <unk> ver a tom .
me agrada tom .	me gusta tom .
demasiado está en riesgo .	el sol es demasiado .
déjame ver esa lista .	déjame ver eso .
ya no somos niños .	no estamos a los niños .
nunca <unk> construir una casa en esta área .	nunca me <unk> en esta casa .
<unk> la pregunta .	la pregunta .
realmente pensé que <unk> .	pensé que había muy bien .
estoy estudiando música .	estoy estudiando la música .
yo he escrito este libro .	yo me <unk> este libro .
había una multitud en el parque .	había un gran personas <unk> en la gente .
me pregunto si estará en casa .	me pregunto si está en casa .
lo siento de verdad .	estoy muy <unk> .
el tiempo va <unk> a <unk> que <unk> el día .	el clima se fue a <unk> en el día y el día .
parece que él no sabe acerca de mi <unk> con mi padre .	él me <unk> de mi padre no sabe que me <unk> y no quiere que me <unk> el <unk> .
iré a francia a estudiar pintura .	voy a ir a <unk> .
tomé un taxi porque el bus <unk> atrasado .	el autobús estaba cansado , me <unk> un autobús .
tom no tiene nada que ver con esto .	tom no tiene nada que hacer con hacer .
no <unk> su broma .	no me <unk> su broma .
gracias por tu <unk> .	gracias por tu <unk> .
por favor , <unk> en <unk> . estoy ocupada .	por favor , estoy ocupado .
me levanté más pronto de lo normal para coger el primer tren .	me <unk> antes de que el tren .
ahora me <unk> a mí .	ahora me está volviendo .
tom dice que oyó a mary y john <unk> .	tom dice que dice que le <unk> a mary y john .
tomás se rió en mi cara .	tom se me <unk> en mi cara .
para más información , <unk> nuestro sitio .	en nuestro país , nuestra nueva york .
déjame probar .	déjame <unk> .
pensé que habías dicho que te gustaba probar cosas nuevas .	pensé que te <unk> cosas que <unk> cosas .
es tu <unk> .	es tu <unk> .
la estás <unk> .	lo estás <unk> .
creo que volveré el lunes de la semana próxima .	me <unk> el lunes .
¡qué buen <unk> !	¡qué buena a una buena !
<unk> tu leche .	<unk> la leche .
tom le sacó punta a un lápiz .	tom le <unk> un <unk> .
esa información , <unk> , es correcta .	al bebé es la <unk> .
no soy tan rico como era .	no soy tan pronto como yo soy como yo .
dile que estoy nadando .	estoy seguro de que estoy <unk> .
<unk> tu aliento .	no vale la pena tu pena .
tienes suerte de que no te <unk> .	tú no te <unk> que tú te <unk> .
lo aprendí hace mucho tiempo .	aprendí mucho tiempo hace mucho tiempo .
estos guantes <unk> <unk> sus manos .	estas <unk> la mano .
<unk> qué <unk> ahora ?	¿qué vamos a hacer ahora ?
no te <unk> tanto por eso , la vida tiene sus <unk> .	no me <unk> por su vida .
la madre cortó la torta en ocho <unk> .	el <unk> se <unk> a la madre .
estoy <unk> .	estoy de trabajar .
tom le arrojó la <unk> a mary .	tom dejó la pelota <unk> a mary .
todavía nadie lo sabe .	eso <unk> un <unk> .
<unk> es la capital de <unk> .	<unk> es la <unk> de <unk> .
es imposible que el pájaro <unk> de la trampa .	es imposible <unk> de la <unk> .
he escrito todos los <unk> hasta el treinta y uno .	he <unk> todo el <unk> para <unk> .
¿cuál es tu equipo de béisbol favorito ?	¿cuál es tu deporte de vez de vez ?
la policía espera que la gente siga la ley .	la gente <unk> a la gente <unk> .
los exámenes <unk> justo después de las vacaciones de verano .	los <unk> son <unk> después de los verano .
¿está <unk> herido ?	¿estás <unk> ?
él puede con la tarea .	él es el <unk> de <unk> .
tom <unk> una <unk> de nieve .	tom <unk> una <unk> .
disculpe la <unk> .	estoy tarde .
no me vuelvas a llamar .	no me <unk> a mí .
tom le dijo a mary que no fuera .	tom le dijo a mary que no ir .
ella le hizo feliz .	ella lo hizo feliz .
te estábamos buscando .	<unk> que nos <unk> .
mary está <unk> .	mary es el <unk> .
nos <unk> si <unk> cuándo <unk> la película .	<unk> si nos <unk> a la película .
ese vestido se ve <unk> en ti .	parece que <unk> <unk> eso .
roma no fue <unk> en un día .	no era un día en un día .
algunos hombres se <unk> las piernas .	algunas <unk> algunas <unk> de su <unk> .
tom es un amigo mío .	tom es un amigo de mío .
no sé por qué me <unk> en venir aquí .	no sé por qué <unk> aquí .
sé que estás preocupada por tom .	sé que te <unk> por tom .
<unk> esto .	esto .
<unk> a todos en voz alta .	él <unk> todos los <unk> .
no tengo ganas de estudiar inglés hoy .	no me siento inglés hoy .
ya te encontré .	te encontré .
esta foto no es suya . es nuestra .	esta caja es <unk> .
hemos estado ahí antes .	se nos ha estado allí .
no podemos dejar que nos <unk> .	no podemos <unk> <unk> <unk> .
el <unk> le disparó a un <unk> .	la <unk> <unk> <unk> un <unk> .
tom nunca dijo una palabra .	tom nunca dijo una palabra .
los <unk> se <unk> para <unk> el problema .	las <unk> <unk> <unk> <unk> para el problema .
el escritorio está cubierto de polvo .	el escritorio está <unk> en el escritorio .
juego con él .	lo vi con él .
<unk> para los niños , este libro a menudo lo <unk> <unk> .	esta es a menudo , esta <unk> para los niños <unk> .
todavía no ha <unk> la <unk> .	el <unk> no ha <unk> el <unk> .
el autobús <unk> .	el autobús se <unk> el autobús .
me estoy <unk> a este clima .	estoy acostumbrado a tener tiempo para hacer esto .
tom dejó claro que quería que mary hiciera el trabajo ella sola .	tom quería que mary lo <unk> al trabajo por el trabajo .
él <unk> a su hijo a estudiar más .	él se <unk> a su hijo .
por favor , <unk> <unk> .	por favor , <unk> .
¿acaso no sabes eso ?	¿no sabes eso ?
yo no <unk> a tom .	no voy a tom .
no soy esa clase de tipo .	no soy muy amable .
se <unk> .	eso es estoy pensando .
esta costumbre comenzó durante el <unk> <unk> .	este <unk> se puso a <unk> <unk> <unk> <unk> <unk> .
no sé que podemos hacer .	no sé lo que podemos hacer .
voy a la escuela <unk> en bicicleta .	me <unk> a mi colegio .
mucho de lo que <unk> había oído acerca del <unk> <unk> era cierto .	muchos <unk> <unk> <unk> <unk> <unk> de que el <unk> <unk> <unk> <unk> .
tres de mis hijos murieron .	mis hijos a mi niños .
¿estás diciendo que soy un mentiroso ?	estoy seguro de que te <unk> ?
falta el punto al final de la <unk> .	el <unk> de los <unk> es el <unk> de la <unk> .
déjame arreglarlo .	lo <unk> .
solo necesito saber quién es tom .	solo necesito saber quién es tom .
los <unk> <unk> un juramento de no <unk> a nadie .	nadie le <unk> a nadie .
tom es <unk> .	tom es <unk> .
su respuesta fue <unk> .	su <unk> estaba <unk> .
el juego se <unk> por la lluvia .	la lluvia <unk> fue al partido .
él <unk> dentro de un mes .	él <unk> a un mes .
ellos se ven felices .	ellos se le <unk> feliz .
quiero <unk> a tom .	quiero que tom a vos .
ella tiene que <unk> a su familia acerca de su novio .	ella tiene que <unk> de su familia .
te <unk> un <unk> .	te <unk> .
charla con tus amigos .	tus amigos <unk> .
el chico que está parado por allá es mi hijo .	hay mi hijo se ha pasado por el hijo .
tu perro todavía me está <unk> .	todavía está todavía en tu perro .
tom se <unk> de <unk> .	tom se <unk> como un <unk> .
me gustaría que <unk> a tom ir con nosotros .	ojalá nos <unk> que nos <unk> con tom .
tom y mary estaban hablando en francés cuando john entró a la habitación .	tom y mary estaban a john y john habían al respecto a john .
amaba boston .	solía ir a boston .
no debes hablar mal a <unk> de los demás .	no tienes que <unk> de sus <unk> .
¿adónde vas a ir en tus vacaciones ?	¿dónde vas a tu ir ?
él lloró y lloró .	él se sintió humillado y <unk> .
ni siquiera sé qué es eso .	no sé lo que es .
siempre está ocupado .	él siempre está ocupado .
no sé por qué me <unk> a mí .	no sé por qué me <unk> .
parece que no hay ninguna necesidad de ir .	no necesitas ir allí .
tom y mary son los dos <unk> .	tom y mary están los dos <unk> .
¿no querés darme un <unk> ?	¿no quieres <unk> a una <unk> ?
él <unk> el <unk> de <unk> .	él <unk> de un <unk> .
puede que tenga que ayudar a tom .	yo puedo ayudar a tom .
si yo fuera tú , no habría hecho eso .	no tienes si tienes eso .
