él es su único hijo.	es su única <unk>.
toma algo.	toma algo.
<unk> la luz.	<unk> el luz.
sus zapatos están <unk>.	los zapatos son <unk> son <unk>.
le tiene miedo a los gatos.	él está miedo de los gatos.
me <unk> allí un par de días.	voy a haber allí por un par de días.
<unk> a menudo pensaba en el futuro.	los <unk> <unk> a menudo al éxito.
me gusta esa universidad, pero está demasiado cerca de casa.	me gusta eso, pero no me gusta mi casa.
todos <unk> <unk>.	todos se <unk> por <unk>.
aquella chica se parece a maría.	a eso suena como parece.
al final del discurso, ella <unk> la palabra.	el final del <unk> a la <unk>.
se <unk> por la <unk> de su amigo.	ellos <unk> por uno de las <unk> de la <unk>.
tom está <unk> lo que dijo.	tom es lo que dijo lo que dijo.
solía haber un puente aquí.	solía haber una <unk> aquí.
no hemos sabido de ella desde entonces.	desde entonces no he oído nada de ella.
no me acuerdo dónde puse mi llave.	no me acuerdo de dónde puse mi maleta.
ya no deseo <unk> parte de este proyecto.	no puedo ser ser un <unk> especial.
pienso que esto es realmente <unk>.	creo que esto es muy emocionante.
los doctores llevaban <unk> <unk> en la nariz y la boca.	los doctores del <unk> <unk> <unk> en su <unk> y de <unk>.
tom echó algo de leche en el vaso y se lo <unk> a mary.	tom se <unk> en la sala de maría y lo <unk> a mary.
él se <unk> de ella después de años de <unk>.	él la <unk> después de sus años.
llame usted a un guardia.	<unk> un <unk>.
no te voy a dar mi número de teléfono.	no voy a <unk> a mi número.
solo continúa.	<unk> ir.
probablemente es la enfermedad que <unk> <unk>.	es probablemente <unk> la que <unk> de la <unk>.
tom aún no puede sacar a mary de su cabeza.	tom todavía no puede salir de su alcance.
esta <unk> es para el té.	este <unk> es para este té.
¿tienes <unk> de <unk>?	¿tienes un poco de <unk>?
ya veo que esto se te da bien.	puedo que no puedo ver esto.
comí tres <unk> de torta.	comí tres años de <unk>.
ella se fue con él al <unk>.	ella lo llevó con él al zoo.
le <unk> <unk> <unk>.	te <unk> en el <unk>.
ellos me <unk> a <unk>.	ellos me <unk> para beber.
este lugar me da <unk>.	este lugar me <unk> por el <unk>.
hago <unk> dos horas por día.	yo he encontrado dos horas dos días.
puede que no sea suficiente.	esto podría ser suficiente.
bajo ninguna <unk> debes <unk> la habitación.	no había dejar nadie <unk> la habitación.
prefiero la <unk> a la <unk>.	prefiero <unk> a cantidad.
¿sabes dónde será la reunión de mañana?	¿es dónde está de la oficina de estar?
no fue sino hasta que me <unk> del colegio que me di cuenta de la importancia de estudiar.	no era hasta que la <unk> me había perdido del de estudiar.
en seguida <unk> a <unk> el proyecto.	ellos <unk> el plan y <unk>.
¿por qué no tengo novio?	¿por qué no tengo un novio?
tu inglés es perfecto.	tu inglés es <unk>.
¿cómo estuvo su cumpleaños?	¿cómo estuvo tu cumpleaños?
no crees esa historia, ¿o si?	¿tú no <unk> esa historia, ¿verdad?
pensé que tom estaba de vacaciones.	pensé que tom estaba en peligro.
será mejor que te vayas ya a la cama.	ahora mejor que te vayas a la cama.
es la voz de una vieja.	es la voz de una anciana.
la misión fue un <unk>.	la ciudad estaba <unk>.
te amo tal como sos.	te prometo que estás te estás.
no me importa, con tal de que seas feliz.	no me llevo bien como tú.
todavía estás <unk> ¿verdad?	eres aún, <unk>?
no olvides que tenemos deberes.	no tenemos que hagas.
no <unk> el sentido de todo esto.	no me <unk> de todas esta.
¿tom está herido?	¿tom es <unk>?
<unk> como un <unk>?	¿te gusta un <unk>?
soy <unk>.	soy <unk>.
creía que tom era canadiense.	pensé que tom estaba canadiense.
ella se <unk> en su trabajo.	ella <unk> su trabajo.
mira quien está despierto.	<unk> es despierto.
¿dónde nos <unk> el autobús?	¿dónde va el autobús?
vi a alguien.	vi a alguien.
este trabajo es lo suficientemente simple para que lo haga un niño.	este trabajo es demasiado inglés para que hacer un niño.
quiero que tú vayas.	quiero que vayas.
los zapatos están <unk>.	los zapatos son <unk>.
<unk> a hacer esto hace cuatro años.	me siento haciendo este trabajo en años.
¿cómo de profundo es el lago?	¿cómo de el lago?
<unk>.	se <unk>.
no sé de ella desde entonces.	desde no he oído de su inglés desde entonces.
yo comprendo tu lengua.	no digas <unk>.
eres incapaz de hacer eso.	es imposible que te <unk>.
¿alguien le conoce?	¿alguien lo conoce?
está realmente enfadado.	él es realmente <unk>.
necesito <unk> todo lo que pueda.	necesito un <unk> para que yo puedo <unk>.
¿alguna vez te has <unk> en una <unk> de <unk>?	¿alguna vez has <unk> alguna vez en <unk>?
este libro merece atención.	este libro es <unk> de su inocencia.
haría cualquier cosa por ustedes.	haría cualquier cosa por usted.
yo los podría matar.	yo podría <unk>.
todavía tenemos que encontrar a tomás.	todavía tenemos encontrar a tom.
lo <unk> en falta.	lo <unk>.
ella pocas veces sale.	ella se va a salir.
<unk> si no vas a llegar a tiempo.	<unk> si no quieres estar aquí.
<unk> encontrar el libro?	¿podrías <unk> el libro?
ha pasado más de un año desde que tom <unk> boston.	ha sido más de tom es una forma de <unk>.
¿quién no estaba aquí?	¿quién estaba acá?
la noche aún es joven.	el noche está todavía.
en la oficina ha habido mucha <unk> esta mañana.	el <unk> de la <unk> está cerca de la mañana.
tengo un libro en la mano.	tengo un libro en mi mano.
tom no podía decidir cuándo comenzar.	tom no pudo haber cuenta de estudiar.
me pregunto si tom me <unk> francés.	me pregunto que tom <unk> un francés.
no tengo nada que ver con sus problemas.	no tengo nada que hacer con su <unk>.
le veré en boston.	te veré a boston.
tom le pasó a mary el <unk>.	tom <unk> a maría la <unk> <unk>.
no tuvimos nada de ayuda de tom.	no podemos ayudar a tom.
tenemos cinco dedos en cada mano.	tenemos cinco <unk> en cuando nos cinco.
ya he <unk> tu número de teléfono.	ya he encontrado tu teléfono.
se <unk> al ver el <unk>.	ellos estaban <unk> a la puerta del <unk>.
está muy <unk>.	es muy popular.
yo estaba escribiendo una carta cuando él llegó.	estaba a una carta cuando él.
se va al extranjero dentro de <unk> meses.	ella está del país <unk> en este meses.
hay un control <unk> <unk> del sofá.	hay una prueba de <unk> la alarma <unk>.
el diez de julio, el <unk> fue <unk>.	al <unk>, el <unk> <unk> en <unk>.
podemos ir.	podemos ir.
todos aman a los <unk>.	todos los <unk> a <unk>.
sea cual sea tu <unk> y lo feliz que seas en ella, habrá <unk> en los que <unk> haber <unk> otra carrera.	no importa a tu <unk>, puedes <unk> cuando no lo <unk> cuando ve a tu familia, no puedes <unk> cuando <unk>.
vuestra hija ya no es una niña.	tu hija no <unk> a una niña.
eso no es asunto nuestro.	es verdad de nuestra amigo.
está deprimido.	está deprimido.
tom trató de <unk> a mary a jugar <unk>.	tom trató de <unk> a mary para que <unk>.
estoy <unk>.	estoy <unk>.
dos ladrones entraron en una tienda.	<unk> <unk> en la tienda se <unk>.
ella se casó con un <unk>.	ella se casó con un <unk>.
este es un buen sushi.	es bueno.
tengo que resolver muchos problemas.	tengo un montón de <unk>.
cierra la puerta.	cierra la puerta.
el clima es <unk> y <unk>.	el clima está <unk> y <unk>.
ella siempre está ocupada.	ella siempre está ocupado.
tengo que <unk> un regalo que te va a <unk>.	tengo un dolor de <unk> el dolor.
te veré el mes que viene.	te veré el próximo mes.
esa es una pregunta muy difícil.	esa es una muy difícil.
me sentí bastante <unk>.	me sentí <unk> <unk>.
¿es importante?	¿eso es <unk>?
¿le gusta san <unk>?	<unk> como <unk>?
tom va a poder venir a nuestra fiesta mañana.	tom es capaz de ir a nuestra fiesta mañana.
tom siempre parece estar <unk> en algo.	tom parece estar <unk> en algo.
esta es una <unk> <unk>. no cuesta nada.	esto es un <unk> de bodas no, no ve nada.
ellos <unk> dinero de él.	ellos <unk> de él era.
no te culpo por el accidente. no fue culpa tuya.	no te comas por el accidente de estómago.
los <unk> <unk> todo el tiempo.	el trabajo me <unk> el tiempo.
estoy <unk> a ello ahora.	ahora lo <unk> por ahora.
hay a <unk> les gusta el béisbol, y a <unk> les gusta el fútbol.	a algunos gusto a la gente le gusta gusta el béisbol.
quisiera pasar algunos días con tom.	quisiera estar unos a solas con tom.
<unk> enseguida.	lo tienes en seguida.
ella me <unk> al <unk>.	ella me <unk> que <unk>.
¿qué hay que hacer?	¿qué hay hacer?
tom ha estado trabajando en este informe desde esta mañana.	tom está estado en esta <unk> sobre esta mañana.
ella se <unk> en cantante.	ella se hizo un obsequio.
él no lo volvió a decir.	nunca dijo que llueve.
¿qué te hizo cambiar de idea?	¿qué <unk> despierto tus <unk>?
tom no tenía idea de por qué mary se fue temprano.	tom no tenía idea de que mary supiera temprano.
una <unk> de <unk> <unk> al <unk>.	un <unk> de <unk> <unk> por la <unk>.
tom se cree <unk>.	tom cree que él es <unk>.
yo <unk> un <unk> en mi jardín.	yo he <unk> un <unk> en mi jardín.
tom no tiene un <unk> <unk>.	tom no tiene <unk> por los <unk>.
tom quería a mary.	tom quería a mary.
<unk> que tenés suerte?	¿no crees que eres <unk>?
¿con qué les <unk>?	¿qué <unk> lo que <unk>?
<unk> él llegará tarde a la escuela.	él es muy llegar tarde.
tráeme una toalla <unk>.	tráeme un poco de dos.
es su <unk>.	eso le <unk> a su vista.
quiero que se <unk> aquí.	quiero que se quede aquí.
no vino nadie.	nadie vino a nadie.
por extraño que <unk>, ella de repente <unk>.	para decir, ella se lo <unk>.
ellos empezaron a <unk>.	ellos <unk>!
a cada uno de nosotros se nos dio <unk> dólares.	la mitad de nosotros nos hace tres años.
deberíamos haberle contado la verdad.	tenemos que <unk> la verdad.
me acuerdo de <unk> visto el año pasado.	me acuerdo de quién ustedes <unk> el año pasado.
lo que se habla es más importante que cómo se habla.	lo que te está hablando de qué es más importante que lo importante.
tom fue a la playa la semana pasada.	tom iba a la última vez que la semana pasada.
<unk> cinco minutos más.	<unk> otra vez minutos.
nunca he <unk> en avión.	nunca he <unk> en un <unk>.
la madre <unk> <unk> esa ayuda <unk> para ayudar a la gente pobre de la india y de todo el mundo.	<unk> como la <unk> en el premio y <unk> el mundo.
¿has <unk> en una prueba alguna vez?	¿alguna vez has <unk> un examen?
¿de quién es este vino?	<unk> el lago es esto?
sabía que <unk> a tom.	le di a tom que le <unk>.
<unk> la pregunta.	<unk> la pregunta.
no pensé que era tan malo.	no pensé que era así.
¿por qué estás tan seguro?	¿por qué estás tan tristes?
¿qué te dio tom en tu cumpleaños?	¿qué te paga tom tu cumpleaños?
¿puede alguno de éstos ser real?	¿puede alguno de éstos ser verdad?
cogió un taxi para ir al hospital.	ella se lo suficientemente a un hospital.
debería ir a casa y dormir un poco.	debería volver a casa y a dormir.
el piloto <unk> el avión sin problemas.	el piloto realizó al avión.
el dinero es la <unk> de todos los <unk>.	el dinero es <unk> de <unk>.
ayer cogí el <unk>.	me <unk> la <unk>.
¿en qué idioma se habla en los estados unidos?	¿qué lengua se habla en los estados unidos de américa?
deberíamos hacerlo todos los lunes.	deberíamos hacer esto antes de este mismo.
<unk> sentí un <unk> dolor en mi estómago.	de repente, me <unk> un poco de estómago en mi dolor.
le aconsejó que <unk> el dinero.	le aconsejó que poner el dinero.
debo <unk> tu promesa.	tengo que <unk> tu tarea.
eres una mujer.	sos una linda mujer.
tengo que <unk> un coche.	tengo que <unk> un auto.
¿por qué siempre <unk> tarde al colegio?	¿por qué está tan tarde para la escuela?
<unk> tom a beber a menudo con mary?	tom <unk> con la universidad con mary?
ya había más de veinte personas <unk> allí.	había pasado allí sobre la gente <unk>.
¿no te gustaría tomar otro vaso de leche?	<unk> no tienes otra de <unk>?
<unk> todos ellos estén <unk> ahora.	todo son esos todo.
¿qué es lo que verdaderamente te encanta hacer?	¿qué vas a hacer a hacer?
ella fue <unk> por su abuelo.	ella estaba <unk> por su <unk>.
el niño está <unk>.	el niño está <unk>.
acabé <unk> disculpas.	<unk> <unk>.
puede que su historia sea cierta.	su historia puede ser más.
tom fue <unk>.	tom estaba <unk>.
él estaba profundamente dormido.	él estaba <unk>.
un estudiante de <unk> media hizo este <unk>.	la <unk> mostró a menudo esta <unk>.
iré siempre y cuando los demás <unk>.	voy a <unk> la tienda voy.
no tenemos un perro.	no tenemos un perro.
ella se quedó dormida con el <unk> puesto.	ella se quedó dormido con su <unk>.
me gusta el <unk> corto.	me gustan los poemas.
fue <unk> ver lo rápido que <unk> el niño.	fue <unk> a ver <unk> qué podía <unk>.
esta es una <unk> <unk>.	esto es un <unk> <unk>.
después de comer, siempre me da sueño.	después de hacer, pero siempre que tenía algo de <unk>.
<unk> a la chica a su casa.	la casa a casa.
tendrás que pagar.	tendrás que <unk>.
¿crees que tom <unk> hacer eso?	¿tú piensas que <unk> a tom?
no os esperaba tan pronto.	no espero que fueras tan pronto.
¿cuál es tu <unk> favorito de <unk>?	¿cuál es tu <unk> <unk>?
¿cuál es la <unk> del cámara de allí?	¿cuál es el <unk> de <unk> de esa forma?
john fue a la tienda.	ayer al colegio.
tomé de la mano a mi <unk> cuando <unk> la calle.	me <unk> de la hermana hacia la que <unk> el camino.
su casa es grande.	su casa es grande.
<unk> un <unk>.	te gustaría un <unk>.
tom y mary <unk> a john.	tom y mary están unas john.
hablando <unk>, él no es de <unk>.	al <unk> está, <unk>.
me <unk> cuando sonó el teléfono.	dejé cuando el teléfono sonó.
no creo que eso sea posible.	no creo que eso es posible.
tengo algo de <unk> de <unk> para la <unk>.	tenía algo <unk> por <unk>.
sé cómo resolver el problema.	sé cómo <unk> el problema.
esta manzana sabe <unk>.	este olor sabe tocar a <unk>.
tenemos algo en común.	tú y yo tenemos algo en común.
¿le ha dicho a usted algo <unk>?	<unk> te ha pasado?
me encanta el helado.	me <unk> el hielo.
no me creo lo que dice tom.	no creo lo que dice tom.
¿quién te ayudó?	¿quién te ha vuelto?
mi padre va a <unk> mañana alguna comida deliciosa.	mi padre va a <unk> algo de que mi padre mañana.
tom <unk> algo de dinero del banco.	tom se <unk> en el dinero del asesinato.
tom no tuvo ninguna oportunidad de hablar con mary.	tom no tuvo un hijo de <unk> a mary.
esta canción es muy popular en japón.	esta canción es muy <unk> en japón.
quedó a cargo del negocio de su padre.	él tomó un <unk> en su padre.
¿cómo puedes estar tan <unk>?	¿cómo podés ser tan egoísta?
mi padre estuvo durmiendo durante la película.	mi padre ha <unk> por la película.
está en la oficina.	él está en la oficina.
tom está escuchando.	tom es <unk>.
tom va a ir al <unk>.	tom va a <unk> el <unk>.
aún cuando la propuesta parecía ser una buena idea, ellos la <unk>.	<unk> la propuesta el que parecía una buena idea, por lo que se <unk>.
supongo que ahora realmente estoy en problemas.	ahora me estoy realmente <unk> ahora.
<unk> aquí.	aquí ya aquí.
tom escribió un libro sobre pájaros.	tom le dio un libro de <unk>.
este vino está hecho de <unk>.	este vino <unk> es <unk>.
¿es un pedido o una orden?	¿eso es un <unk> especial?
nos <unk> el uno al otro en la estación.	nosotros nos <unk> a la estación por la estación.
mira, sé que estás ocupado.	<unk>, sé que estás ocupado.
deberías <unk> tu <unk>.	deberías <unk> tu <unk>.
hace mucho calor.	es demasiado calor.
tom quería que te <unk> algo.	tom quería que algo algo.
no es mío.	no es mío.
ella empezó a <unk> al perro.	ella empezó a hablar al perro.
me quiero ir.	quiero irme.
te voy a extrañar.	te <unk>.
tom le preguntó a mary dónde vivía john.	tom le preguntó a mary que john <unk>.
parece que va a nevar.	parece que va a ir a la vista.
estamos entre amigos.	somos solo amigos.
probablemente tom <unk>.	tom tenía miedo.
¿qué te gustaría hacer en el futuro?	¿qué le gustaría hacer en la <unk>?
¿quiere una taza de café?	<unk> una taza de café?
la reunión se <unk> a lugar el próximo domingo.	la reunión se realizará el próximo domingo.
ella habló con el presidente.	ella habló al <unk>.
el perro <unk> cuando nos <unk>.	el perro <unk> cuando para <unk>.
mi hijo no me <unk>.	mi hijo no me <unk>.
es justo lo que quería.	es exactamente lo que quería.
tom recuerda.	tom <unk> por <unk>.
conocí a tom.	sabía que tom.
me <unk>.	yo estoy <unk>.
ese perro es demasiado peligroso para <unk> <unk>.	ese perro es demasiado chica para que se ve <unk>.
¿acaso viste lo grande que es su casa?	¿cuánto <unk> su casa?
este problema es un verdadero <unk>.	este problema es un <unk> <unk>.
¿cuándo volvió?	¿cuándo <unk>?
solo quiero ir a casa y dormir un poco.	solo quiero ir a casa y a dormir.
tom <unk> que sus compañeros de clase se <unk> con más respeto.	tom <unk> que su hijo se <unk> con tu ayuda.
tom no tiene <unk> amigos.	tom no tiene suficiente amigos.
¿con cuánta comida debería estar <unk> a mi perro?	¿cómo debería estar <unk> mi perro?
mi hermana tiene un trabajo.	mi hermana tiene un trabajo.
<unk> dónde se estaba escondiendo tom?	¿sabes dónde se <unk> tom?
él es un hombre en quien siempre puedes confiar.	él es un hombre que siempre <unk> este confiar.
les pedí que me <unk> el coche.	me <unk> que <unk> mi coche.
tom quiere <unk>.	tom quiere verte.
no comí desde el desayuno, estoy <unk>.	no he comido chocolate por el que me estoy <unk>.
su <unk> se ha hecho realidad.	su <unk> quizás podría ser <unk>.
tengo mucha sed.	me estoy muy <unk>.
debiste haber dicho eso antes.	deberías haber dicho que así.
tom <unk> los dientes.	tom se <unk> la dientes.
es un <unk> que tom siga vivo.	es una <unk> que tom está <unk>.
¿se habla inglés en canadá?	¿tienes inglés se habla en <unk>?
soy la esposa de tom.	soy el <unk> de tom.
¿tiene una tarjeta de <unk>?	¿tienes una <unk> <unk>?
me estoy <unk>.	estoy divertido.
tom te ha mentido.	tom ha <unk>.
la cuenta <unk> a tres mil dólares.	la mancha <unk> <unk> para beber de <unk>.
se ha <unk> mucho el <unk> de esa <unk>.	esa <unk> es muy <unk>.
descubrió una nueva estrella.	<unk> una nueva nuevo.
jamás <unk> con él.	nunca visito con él.
el éxito sólo depende de tu propio esfuerzo.	la <unk> <unk> <unk> a tu lado <unk>.
¿sabes lo hermosa que eres?	¿eres cómo estás?
ella es una <unk> <unk>.	está un <unk> <unk>.
a ella le gusta la <unk> más que cualquier cosa.	a ella le gusta mucho mejor que otra cosa.
tom pasó algunos años en boston cuando estaba en la universidad.	tom se toma una flor en cuando en cuando estaba en boston.
vamos camino a casa.	estamos en el camino de camino.
he oído que eres un buen <unk>.	oí que hayas tenido un buen tiempo.
ella estaba <unk> en el sofá con los ojos cerrados.	ella se hizo sobre una <unk> con lágrimas.
tom negó haber <unk> el <unk>.	tom <unk> que él había <unk> el <unk>.
el colegio empieza el ocho de <unk>.	la escuela empieza a la <unk> de <unk>.
tom vio a maría irse.	tom dejó a mary.
la semana pasada él estuvo enfermo.	él estaba enfermo.
<unk> <unk> <unk> el <unk> económico.	el <unk> <unk> <unk> <unk>.
no te olvides de <unk>.	no te olvides de teléfono.
<unk> pasada la medianoche.	me <unk> después de la medianoche.
quiero que ella haga el trabajo difícil.	quiero que la <unk> del trabajo.
<unk> al ladrón esta mañana.	el <unk> <unk> la <unk> de esta mañana.
te estaba <unk>.	te <unk>.
<unk>, no <unk> tu opinión.	<unk>, no tengo <unk> tu <unk>.
conocen algo.	ellos querían algo.
estaba intentando ocultar mis <unk>.	me puedo <unk> de mi <unk>.
<unk> con suerte.	te estás en la <unk>.
estamos muy <unk> de ti.	eres muy orgullosos.
<unk> le dio al blanco en el primer <unk>.	la <unk> de la <unk> <unk> con su <unk>.
<unk> a alguien <unk>.	<unk> algo de <unk>.
el niño todavía está durmiendo.	el bebé está todavía bajo.
vemos la televisión juntos.	<unk> juntos.
eso sería poner el carro delante de los caballos.	ese sería <unk> <unk> por el <unk>.
¿cómo vas a <unk> este problema?	¿cómo vas a echar este problema?
el arte es algo serio.	esta es una cosa <unk>.
yo voy a parís el próximo mes.	voy a <unk> la tienda.
mejor vete.	es mejor que vayas.
tom no tuvo que ir a trabajar hoy.	tom no tuvo que trabajar para trabajar.
<unk> a mi pregunta.	<unk> mi pregunta.
¿cuántas veces en una hora <unk> los <unk> desde aquí?	¿cuántas veces un lugar del día de américa?
tom no quiso saber nada de mis problemas.	tom no quería saber por mi hijo.
me gusta viajar solo.	me gusta viajar solo.
dinos qué hacer a <unk>, por favor.	dime qué hacer después de hacer eso.
simplemente <unk>.	lo <unk>.
él es una persona <unk>.	él es un <unk> persona.
tom tiene algo que discutir con todos nosotros.	tom tiene algo que <unk> con nosotros.
tengo una reunión muy importante.	tengo una hermana muy importante.
ellas están conmigo.	ellos me <unk> conmigo.
¿qué más quieres que diga?	¿qué quieres decir?
quiero que <unk>.	quiero que fuera a mi boda.
¿dónde está mi paraguas?	¿dónde está mi paraguas?
¿querés <unk>?	¿quieren <unk> un poco?
tengo que <unk> el <unk>.	tengo que mi pelo me <unk>.
sé la <unk> razón por la que se <unk>.	conozco a los niños que <unk> su <unk>.
ya no me importa.	ya no me gusta.
ella <unk> sola.	ella parecía satisfecho.
tom es muy diferente.	tom es bastante <unk>.
mary <unk> el gran mapa sobre la mesa.	mary <unk> la gran en la mesa.
él se fue a quedar donde su <unk>.	él se quedó <unk> con su <unk>.
ayer tom se quedó en casa todo el día.	tom se quedó en todo el día.
no puedes ser amigo de todos.	no puede ser amigos con todos.
él viajó con su familia a <unk>.	él <unk> la conciencia con la familia.
no me iré hasta mañana.	no seré dejar mañana.
eso debería <unk>.	haz debería ser suficiente.
es <unk>.	está mejorado.
<unk> <unk> a ayudar?	<unk> quién ayuda?
lamento que hayas resultado <unk> en esto.	lo siento que te <unk> esto.
si hubiera tenido tiempo suficiente, podría haber visto más de londres.	si yo tuviera suficiente dinero, podría comprar un libro de ellos.
tom dijo que él estaba completamente <unk>.	tom dijo que él estaba completamente confuso.
él tiene unos <unk> <unk>.	él tiene una <unk> <unk>.
tom puso su billetera <unk> del asiento del auto.	tom se puso su casco de carro al auto.
es imposible no <unk> por su <unk>.	es imposible para que no se <unk> por <unk>.
le <unk> los zapatos.	ella llevaba puestos zapatos <unk>.
tiene cerca del <unk> de un huevo.	es sobre el <unk> de un huevo.
ella me recibió con una gran sonrisa.	ella me <unk> con una sonrisa.
todavía está claro afuera.	todavía es <unk>.
vamos a ir a comer el viernes.	nosotros vamos a un buen día.
tom <unk> a mary.	tom <unk> a mary.
nuestro tren se <unk> de repente.	nuestro tren se <unk>.
ninguno de nosotros está en contra de sus ideas.	los adolescentes son <unk> a sus <unk>.
le daré una copia a cualquiera que la <unk>.	voy a <unk> la tienda de que <unk> por la <unk>.
deberías dormir.	deberías dormir.
encontramos una hermosa <unk> azul en la <unk> más <unk> de la <unk>.	encontramos un <unk>, pero <unk> la <unk> en un <unk> de <unk>.
<unk> todas las <unk> de <unk> <unk>.	nosotros todos <unk> <unk> <unk>.
a tom le encanta contar <unk>.	tom quiere decirle a la verdad.
esto va a ser fácil.	esto es fácil ser fácil.
él sólo sabe hablar un poco de inglés.	él puede hablar solo un poco.
no tengo ganas de <unk>.	no tengo ganas de comer.
primero el trabajo, después el <unk>.	<unk> antes de <unk>.
la familia ama mirar <unk> <unk> juntos.	la familia <unk> <unk> para <unk>.
lo deben haber sabido desde el <unk>.	ellos han decidido todo lo que haya pasado.
no quiero hablar con tom nunca más.	no quiero hablar con tom.
tom está a punto de irse.	tom está a punto de irse.
<unk> entrar?	¿te gustaría venir a venir?
no sé <unk>. es difícil.	no entiendo el difícil de la difícil.
lo hicieron ellos.	lo habéis.
hoy tom no quiere ver nada.	tom no quiere verte nada hoy.
no <unk> <unk> a tom.	no pude <unk> a tom.
ella estaba <unk> de rojo.	ella estaba <unk>.
ya es suficiente para todos nosotros.	no tenemos suficiente de eso.
<unk>, ¿me puede <unk> el camino a la estación?	¿me <unk>, pero la policía me <unk> a la estación?
las <unk> <unk> son <unk>.	los <unk> <unk> <unk> largas en <unk>.
ella me trata como si fuera un bebé.	ella me hizo como si tuviera un <unk>.
nunca <unk> que tom tuviera problemas.	nunca me <unk> a tom que <unk> en problemas.
eso pienso yo.	creo que eso.
era bastante <unk>.	era bastante <unk>.
cuidado de no <unk> ese vaso.	<unk> no <unk> de eso.
¿cómo pudo ocurrir eso?	¿cómo se <unk> eso?
ahora no estoy estudiando.	ahora no estoy estudiando.
tom no come carne, y mary tampoco.	tom no come carne y a mary y mary.
pídele a tom que me llame tan pronto como <unk>.	tom quería que me <unk> como una <unk>.
cada vez que escucho esta canción, lloro.	lloro cada vez que escucho esta canción.
fue el mejor día de mi vida.	ese era el mejor que mi vida.
<unk> a mi pregunta con cuidado.	<unk> mi pregunta.
tom está leyendo un libro.	tom es un libro.
murió a los <unk> años de edad.	él murió cuando él <unk> años.
no me despidieron. me fui.	no estaba escuchando.
él tiene unos <unk> <unk> de <unk> dólares.	él tiene un <unk> de sueño, por <unk>.
los <unk> se la pasan quejando del clima.	<unk> la <unk> de siempre al otro.
la voz me <unk> a mi madre.	la voz me <unk> de mi madre.
ellos <unk> a su país de los <unk>.	ellos <unk> la país de <unk> en el <unk>.
¿lo has hecho tú sola?	¿lo <unk>?
el perro debe de estar <unk>.	el perro debe ser hambre.
la casa de tomás y maría es muy <unk>.	tom y mary es la casa de <unk>.
tom está borracho.	tomás es un cero a la izquierda.
no <unk> mi paciencia.	no se lo digas a mi <unk>.
ahora es tiempo para empezar a estudiar.	ahora es hora de acuerdo.
tom se quitó los zapatos y los calcetines.	tom se sacó los zapatos y los calcetines.
la prisa es mala <unk>.	<unk> la posición.
mi hijo es <unk>.	mi hijo es un <unk>.
en caso de emergencia llama a la policía.	en los <unk> de la policía, <unk>.
me <unk> imposible acabar el trabajo en una hora.	es imposible que <unk> el trabajo en el <unk>.
no tengo toda la noche.	no tengo un <unk>.
él no es estúpido.	no es estúpido.
tengo una idea mejor.	tengo una idea estúpida.
ni soy canadiense.	ni siquiera estoy canadiense.
" rápido " es el contrario de " <unk> ".	" gracias " es la segunda ciudad de <unk>. "
el tren ha pasado el cambio de <unk>.	el tren está <unk> el <unk>.
este cajón es de madera.	la caja es de madera.
ellos se van a encontrar mañana en el hotel.	ellos van a <unk> a las nueve mañana.
mi padre <unk> cuarenta pronto.	mi padre va a <unk> en los
¿qué es esa cosa?	¿qué <unk>?
tom volvió a dormir.	tom volvió a dormir.
este <unk> es igual al que perdí hace una semana.	este es el negocio que más grande que la <unk>.
el soldado <unk> herido en el suelo.	el soldado se <unk> por el <unk>.
<unk> enamorado de tu esposa?	¿estás aún en la tuya?
tom tuvo un muy mal día.	tom tuvo un mal día muy fuerte.
ella <unk> el trabajo con facilidad.	ella <unk> el trabajo con la <unk>.
necesito descansar.	necesito descansar.
tom y mary <unk> seguir a john.	tom y mary ambos querían a john.
la hice feliz.	le la feliz a él.
tom no es tan <unk> como mary.	tom no es tan mayor como mary.
las <unk> son <unk>.	los <unk> son <unk>.
su situación <unk>.	su <unk> <unk> para la llave.
tom fue mi <unk> al mando.	tom era mi <unk> de <unk>.
¿es tu primera <unk> en parís?	¿se tu tu camino de tu lado?
yo como queso.	yo prefiero <unk>.
no tienes que hablar.	no tienes que hablar.
<unk> de llorar como una niña!	<unk> de una buena chica.
yo entiendo tu punto de vista, pero aun así no estoy de acuerdo.	me <unk> de tus opinión, pero no lo conseguí.
fuimos al museo.	<unk> al museo.
me gusta la música <unk>.	me gustan la música.
estoy leyendo una carta.	he leído una carta.
quiero volver a escalar el <unk> <unk>.	quiero volar <unk>.
sabes lo que tienes que hacer.	uno lo que hacer.
quiero llegar al aeropuerto <unk> a primera hora de la tarde.	quiero entender en <unk> para las <unk> <unk> en la <unk>.
busqué mi cuarto.	<unk> a mi habitación.
¡no seas tan <unk>!	¡no te <unk> tanto!
¿quieres ver esto?	¿querés quieres en esta tienda?
gracias por el consejo, tomás.	por lo, por la comida.
es un problema sin <unk> como lo <unk>.	es un problema que te <unk> un poco.
no creo que nadie haya <unk> lo que tom hizo.	no creo que nadie toque lo que tom.
¿has hecho trampa en un examen alguna vez?	¿alguna vez has <unk> un examen?
tom es hijo único.	tom es un <unk> especial.
si te <unk> después de clase, puedo ayudarte con tu <unk>.	si <unk> de las alrededor, si puedo <unk> con tu ayuda.
sé que no pasará otra vez.	sé que no volverá a pasar.
tom le pasó la <unk> a mary.	tom <unk> a la <unk>.
mi padre sí que juega al golf, pero no lo hace bien.	mi padre no sabe <unk>, pero no lo <unk>.
<unk> durante la cena.	<unk> lo <unk>.
él es demasiado mayor para ella.	él es demasiado vieja para ella.
lo ayudé a <unk> la calle.	le pregunté caminar con él por la calle.
¡qué horrible!	¡qué <unk>!
ellos <unk> algún <unk>.	se comieron unas <unk>.
¿qué estabas diciendo?	¿qué estabas diciendo?
le pido <unk> que lo haga con cuidado.	te lo que hacer <unk>.
tom <unk> a mary su mejor amiga.	tom cree que mary lo que maría se ha mejor.
a las <unk> <unk> les encanta comer <unk> mientras <unk> de <unk>.	<unk> <unk> a la <unk> de comer a la <unk> y literatura <unk>.
necesitamos vuestra ayuda.	necesitamos con ayuda.
se puede llegar a la ciudad en auto en menos de 20 minutos desde aquí.	la ciudad se puede <unk> en menos de los dos años.
él se decidió a estudiar de <unk>.	él decidió ser su <unk>.
el hombre que conociste en la estación es mi padre.	el hombre que te ha dado en mi padre.
a pesar de que pueda ser inteligente, no es <unk>.	<unk> que pueda <unk>, él no está <unk>.
<unk> fútbol después de la escuela.	nosotros <unk> los <unk> después de clases.
por favor <unk> las reglas de la escuela.	por favor <unk> las reglas de la escuela.
parece que tom disfruta verdaderamente de estar aquí.	tom parece realmente a ser <unk> por aquí.
tom se hizo <unk> una <unk> para la <unk>.	tom se <unk> un <unk>.
¿eres un <unk> del <unk>?	<unk> un montón de <unk>?
el accidente <unk> el tráfico.	el accidente <unk> en la <unk>.
esta vez lo haré a mi manera.	lo haré a mi camino lo conocí.
<unk> gato vino de <unk> pájaros.	la madre ha estado muerta a la luna.
te doy 5 dólares.	te prometo cinco dólares.
tom ha estado trabajando como <unk> desde que se graduó de la universidad.	tom ha estado como una <unk> de que se ha estado en el extranjero.
<unk> la ley.	<unk> la <unk>.
¿te gustaría venir?	¿te gustaría venir?
lo <unk> a decir la verdad.	ellos lo <unk> a la verdad.
tom se siente mal por mary.	tom se dio cuenta por mary.
tom nunca miró de vuelta.	tom nunca <unk>.
la cena fue <unk>.	la cena era <unk>.
<unk>, la causa de la enfermedad es <unk>.	el <unk>, la causa del <unk> es <unk>.
ella dejó su trabajo el mes pasado.	ella <unk> su trabajo en la vida.
este camino es muy <unk> para que <unk> los <unk>.	este camino es demasiado para <unk> para los <unk> para los adolescentes.
yo puedo estar equivocado.	podría estar <unk>.
tengo que <unk> de <unk> este dinero.	tengo que <unk> que esto no le gusta el <unk>.
¿tienes un libro?	¿tienes un libro?
estoy <unk> por la tecnología.	estoy de <unk> por la otra.
a tom le encanta escuchar música <unk>.	tom se va a <unk> a <unk>.
ella <unk> a <unk>.	ella se <unk> por <unk>.
tom ha hecho un excelente trabajo.	tom ha <unk> un trabajo <unk>.
¿te despidieron de tu último trabajo?	¿dónde te <unk> de tu trabajo?
él adora <unk> a la gente.	él solo a la gente a <unk>.
esa película es para niños.	ese <unk> es por <unk>.
tom come la misma comida día tras día.	tom se lo mismo, pero <unk> en la universidad.
no me gusta nada el béisbol.	a no le gusta nada de nada.
la libertad no es <unk>.	no <unk> es <unk>.
¿qué dijo?	¿qué ha pasado?
estaba equivocado.	estaba enfermo.
su casa fue <unk> por diez mil dólares.	su casa estaba completamente <unk>.
nosotros podemos pagar.	podemos <unk>.
se fue a la tienda en bicicleta.	él fue al museo a su coche.
tienes un <unk> de <unk> todo.	tienes una gran <unk> de <unk>.
estoy teniendo problemas para <unk>.	tengo problemas con <unk>.
algunas personas dicen que comer tarde por la noche es malo para la salud.	algunas personas <unk> que mi padre es realmente una buena para <unk>.
ella sabe qué hacer ahora.	ella lo sabe qué hacer ahora.
mis padres son <unk>, pero vinieron a <unk> en el <unk>.	mis padres están bien, pero se <unk> en <unk>.
mi hermana menor se casó antes de los 20.	mi hermana se ha <unk> en su <unk>.
estamos <unk> más <unk>.	somos <unk> más <unk>.
<unk> la <unk> con ambas manos.	<unk> en la <unk> <unk>.
<unk> café?	<unk> café?
será mejor que no te <unk> con ella ahora.	no la ver ahora.
no quiero ver a tom.	no quiero ver a tom.
mi madre está ocupada preparando la cena.	mi madre está ocupada.
estaré de vuelta en menos de cinco minutos.	<unk> en menos de vuelta cinco minutos.
tom sabe cómo manejar una <unk> <unk>.	tom se puede <unk> un <unk>.
quédate ahí.	<unk> allí.
¿hay algo que <unk> hacer?	¿hay algo que podemos?
¿quién habla francés?	¿quién habla francés?
¿tienes coche?	¿tienes un auto?
<unk> de cenar.	comimos comimos <unk>.
tom se las <unk> todas a una sola carta.	tom puso su casco en bicicleta.
tom escuchó la alarma.	tom escuchó <unk> el <unk>.
ven aquí antes de las siete.	aquí antes de las siete.
su cara <unk>.	su cara <unk> de blanco.
<unk> tiempo.	él lo conocí.
¿dónde dijiste que <unk> esto?	¿dónde lo dicho esto?
¿por qué no le <unk> su consejo?	¿por qué no le <unk> consejo?
ella nos dio un regalo.	ella nos dio un obsequio.
él ha ido a la biblioteca.	él se ha ido a la biblioteca.
por favor, siéntate.	por favor, <unk>.
no lee más que novelas.	ella no <unk> nada a <unk>.
ella se suicidó <unk> de un puente.	ella se suicidó <unk> por el <unk>.
anoche llovió mucho.	hemos un <unk> especial <unk> la noche.
yo <unk> ropa por internet.	<unk> ropa por internet.
nosotros <unk> a la casa <unk>.	<unk> la casa vacía.
tom no parece estar muy interesado.	tom no parece muy <unk>.
hace calor en la habitación.	la habitación está <unk>.
no estoy de acuerdo.	no estoy de acuerdo.
está claro que te van a <unk> si no <unk> más.	tú <unk> si no <unk>.
lo que a ti te parece simple, a mí me parece <unk>.	lo que le ha comprado a <unk> qué me <unk>.
¿por qué debería ayudarte?	¿por qué debería ayudar?
nueva york es una de las ciudades más grandes del mundo.	nueva york es uno de los grandes del mundo.
me <unk> que llueva mañana.	me temo que pueda llover mañana.
tom le preguntó a mary si él podía tomar <unk> su bicicleta.	tom le preguntó a mary si podía <unk> su bicicleta.
me alegro mucho de <unk>.	me alegro muy <unk>.
les dije que me <unk> otro boleto.	<unk> a <unk> hoy me <unk>.
¿me <unk> qué debo hacer <unk>?	¿qué me debería hacer después de qué?
tienes que dar cuenta de tu <unk>.	tienes que tienes una cuenta de <unk>.
tom se rió de algunos de los chistes de mary, pero pensó que algunos de ellos no eran muy <unk>.	tom se rió de algunos de mary, pero no lo <unk> de la ayuda de tom.
¿cómo sabes que pasará eso?	¿cómo sabes que él <unk>?
<unk> en mi habitación.	yo he encontrado en mi cuarto.
nadie le <unk>.	nadie lo conoce a él.
fuiste <unk>.	<unk> <unk>.
todavía tengo mis dudas.	todavía tengo mi dudas.
su discurso me <unk>.	su <unk> me conmovió.
la <unk> <unk> es mía.	la <unk> está en la <unk>.
por favor, <unk> la puerta.	<unk> la puerta, por favor.
no pude ir a su fiesta de cumpleaños.	no pude ir a su fiesta para llamar.
solo pregunto.	solo estoy <unk>.
después del desayuno fuimos a <unk>.	después de repente, por un paseo al <unk>.
tom tiene que volver a boston mañana.	tom tiene que ir a boston mañana.
parece ser que tom ha intentado <unk>.	tom tiene ha intentado <unk> el <unk>.
él dice que no se <unk> de fumar.	él dice que no se <unk> de fumar.
<unk> a ti mismo.	<unk>.
no puedo estar más de acuerdo.	no puedo dormir más.
ella esperó a que la <unk>.	ella lo esperó a llegar.
¿cómo pueden estar tan <unk>?	¿cómo podés ser tan egoísta?
a él le encanta viajar.	él adora los trenes.
no quiero escuchar tus <unk> nunca más.	no quiero pasar más experiencia de comida.
tom está confundido.	tom es <unk>.
ayúdame a elegir un sombrero que <unk> con mi vestido nuevo.	ayúdame a elegir un <unk> que <unk> con mi nuevo vestido, por favor.
eso <unk> todos los días, ¿no es así?	eso pasa todos los días, no?
compré este libro para mí, no para mi esposa.	este libro, por mi esposa no le olvidara.
eres demasiado joven para morir.	eres demasiado joven para muy jóvenes.
nos quedamos toda la noche hablando.	nos vimos todas las noches.
prefiero comer otra cosa.	prefiero comer algo más.
mientras más <unk>, más nos <unk> cuenta de lo poco que sabemos.	cuanto más única, más que <unk> más tarde, <unk> más.
te veré cuando vuelva.	te veré el ver que te <unk>.
he <unk> mi teoría.	<unk> mi <unk>.
nunca volví a hablar con él.	nunca lo iba a hablar.
¿quién va allí?	¿quién va a menudo?
ese <unk> se <unk> con la pena de muerte.	ese es <unk> por su muerte.
la mitad de los estudiantes estaban <unk>.	los estudiantes fueron <unk>.
me <unk> por no llevar puesto el <unk>.	no puedo <unk> por un <unk> de <unk>.
voy a dormir en el piso.	voy a dormir en el suelo.
todas las mujeres <unk> que tom era realmente apuesto.	todo el mundo <unk> que tom estaba <unk>.
mi inglés no es nada bueno.	mi inglés no es bueno para la <unk>.
esa casa me pertenece a mí.	esa casa me pertenece.
la pequeña <unk> llegó a la vista.	los niños <unk> <unk> en la <unk>.
cuando <unk> manos con alguien, debes <unk> a los ojos.	cuando te <unk>, por favor, ella te <unk>.
debemos obedecer las reglas.	debemos <unk> las reglas.
ya me siento mucho mejor.	yo siento mucho mejor.
¿qué más puedes hacer?	¿qué más puede hacer?
se casó a los <unk>.	ella se casó cuando ella se <unk>.
tom se preguntaba lo mismo.	tom se lo mismo al mismo.
<unk> tus <unk>!	<unk>!
él no pudo cumplir la promesa que hizo a su padre.	él no podía <unk> que él <unk> a su padre.
no significa que <unk> de hacerlo.	no me <unk> eso que me <unk> eso.
ella tiene vino.	ella tiene el vino.
está claro que es rico.	está claro que es rico.
había <unk> que <unk> <unk> su <unk>.	había <unk> <unk> <unk> en su <unk>.
mi amigo <unk> ayudar a mi hijo con sus estudios.	mi amigo está <unk> mi amigo con mi amigo.
tom siguió escribiendo.	tom se <unk>.
ella hablaba mientras <unk>.	ella lo hizo como ella.
él solo tenía treinta y seis años.	él estaba solo de años <unk>.
tom no tiene enemigos.	tom no tiene nada.
tom tiene que buscar un trabajo.	tom tiene que tiene un trabajo para hacer un trabajo.
supongo que <unk> <unk> con quién estaba anoche.	yo quiero que me <unk> con la noche.
tom todavía vive con su madre.	tom todavía vive con su madre.
espera a la policía.	<unk> a la policía.
puedes venir con nosotros.	puedes ir con nosotros.
el <unk> de <unk> es <unk>.	la <unk> de la <unk> es <unk>.
dicen que una mirada vale más que mil palabras.	dicen que es un <unk> que la más de las dos.
no está bien intentar <unk> las ideas <unk> a los demás.	no deberías <unk> a tu <unk> con tu <unk>.
no <unk> ver la diferencia.	yo veo ver la diferencia.
también hablo francés.	yo también francés.
una mujer escribió 30 libros sobre cómo ser feliz, y entonces se suicidó.	una mujer se <unk> con lágrimas a menudo como comenzó a pescar de dinero.
tom se <unk> en la <unk> de arriba.	tom se cayó en el <unk> de <unk>.
tom es un chico malo.	tom es un chico pintor.
ellos <unk> cuando están en peligro.	cuando está en el béisbol se les gusta.
esta copia está llena de errores.	esta copia es de aquí.
¿te ha visto alguien?	¿alguien lo vio?
tom, ¿estás dormido?	¿estás <unk>, tom?
de verdad que necesito un <unk> ahora.	ahora necesito un <unk> mayor.
el <unk> fue <unk> en el aeropuerto.	el niño <unk> en el cuarto <unk>.
tom no es un chico <unk>. de hecho, él trabaja duro.	tom no es un chico <unk> tan rápido, pero no le gusta la <unk>.
tom <unk> su fiesta hasta que maría saliera del hospital.	tom se <unk> de su casa, pero no lo <unk>.
¿quieren tener hijos?	¿tienes <unk>?
ellos están <unk> a aprender inglés.	son aprender inglés.
<unk> a tom, a pesar de que no fue su culpa.	tom se <unk> por qué no era.
hoy es fiesta.	hoy es un buen día.
tenemos el problema <unk>.	tenemos los problema problema.
a él le gusta mucho el béisbol.	a él le gusta mucho la noche.
mis padres no me <unk> volver a ver a tom.	a mi mujer no me <unk> a tom no.
él se <unk> cuando toca la guitarra.	él se <unk> cuando él está en la televisión.
se <unk> las clases.	la luna está abierta.
yo soy de <unk>.	vengo de <unk>.
no es una buena persona.	ella no es una buena persona.
<unk> acerca del <unk> de tom?	<unk> te paga de la <unk> de tom?
quizás tom estaba escondiendo algo.	tal vez tom algo algo.
hace diez grados bajo cero ahora.	ahora es diez grados ahora.
esta fiesta está <unk>.	esta es una <unk>.
tom <unk> segundo.	tom <unk> por los.
fue una gran fiesta.	esa era una gran <unk>.
soy de <unk>.	vengo de <unk>.
la niña es chica para su edad.	la chica es la chica que <unk> su edad.
no quiero vivir contigo.	no quiero vivir con vos.
mamá nos ha comprado un <unk>.	tom <unk> como una <unk> para nosotros.
tienes las manos <unk>.	tienes las manos de <unk>.
¿y tu bebé?	¿dónde está tu bebé?
los mejores <unk> son <unk>.	los mejores son <unk> son <unk>.
no quiero que se <unk> tom.	no quiero que tom no <unk>.
ella le <unk> a su hermana.	ella le <unk> a ella le lo <unk>.
¿por qué no viniste ayer? te esperé mucho rato.	¿por qué no viniste ayer por un largo tiempo para ti.
él se <unk> en el suelo.	él se <unk> con el piso.
<unk> están buenas.	<unk> son bueno.
¿cuál es la comida a la que jamás <unk>?	¿qué es lo que <unk> que <unk> el <unk>?
¿cuándo <unk> para boston?	¿estás <unk> para boston?
<unk> no sé cómo seré capaz de cumplir con todos los <unk>!	<unk> que no puedo <unk> cómo se <unk> por mi máquina.
ella pesa mucho más que él.	ella es más joven que él.
¿tienes un <unk>?	¿tienes un <unk>?
<unk> que no <unk> muy ocupados.	supongo que realmente no <unk>.
¿ella te enseñó la foto?	<unk> ella al <unk>?
esta mesa está <unk> de buen <unk>.	esta es una buena de <unk>.
es la última vez que <unk> un regalo.	este es el último que 10 tiempo para un regalo.
lo importante es tener tu propio pasatiempo.	lo importante es tu <unk> para hacer tu pasatiempo.
todavía no he <unk>.	aún no he comido todavía.
ella habla con <unk>.	ella está <unk>.
tuve que darle una oportunidad.	tuve que <unk> la suerte.
¿este bus se <unk> al museo?	¿el ir al museo?
lamento haberle <unk> tantos problemas.	lamento haberle <unk> tantos problemas para problemas.
lamento esas <unk> palabras.	<unk> por la <unk>.
ella <unk> inglés.	ella se <unk> inglés.
puse el <unk> en el <unk>.	ante el <unk> en el <unk>.
quiero que mis hijos <unk> lo mejor.	quiero que mis <unk> el mejor idioma.
por favor no <unk> mi <unk>.	por favor, no <unk> mi <unk>.
<unk> el coche por favor.	por favor, préstame tu auto.
<unk> a tom y <unk> lo que <unk> de <unk>.	tom y lo <unk> qué me dijiste.
tú pareces un <unk>.	te gustan los <unk>.
me fui a la cama más tarde de lo habitual.	me fui a la cama más grande de lo habitual.
¿dónde estabas cuando ocurrió la <unk>?	¿en dónde está la <unk> <unk>?
es posible que eso sea cierto.	puede que sea verdad.
ayer comí pescado.	comí <unk> ayer.
la verdad puede ser más <unk> que la mentira.	la verdad puede ser más <unk> una <unk>.
agradecería que me <unk> tan pronto como le sea posible.	tuve un verdadero tan pronto como sea posible.
quiero unos zapatos <unk>, no <unk>.	quiero pasar, pero no puedo encontrar.
detesto perder.	odio los domingos.
es un <unk> sin corazón.	él es un cristiano <unk>.
¿qué lugares <unk> visitar?	¿qué le gustaría visitar a visitar?
vayamos a <unk> una bebida.	<unk> que te <unk> un <unk>.
¿es usted japonés?	<unk> sois <unk>?
tengo una <unk> de trabajo mañana a las dos de la tarde.	tengo un empleo de dos horas al dos mañana.
se nos <unk> el agua.	hemos <unk> de agua.
su casa se <unk> en la colina.	su <unk> infantil en el sofá.
ella <unk> haber visto al hombre.	ella <unk> como para ella se <unk>.
tom tiene piernas <unk>.	tom tiene el <unk> especial.
es sabido que fumar es malo para tu salud.	es lo que malo por tu esposa.
deseo que mi sueño se hiciera realidad.	desearía que mi sueño <unk> un sueño.
los <unk> de tráfico <unk> todos los días.	<unk> la <unk> de todos los días.
les vimos irse.	nos vimos <unk>.
no tengo tiempo para eso.	no tengo tiempo para eso.
he estado buscando mis llaves todo el día.	he estado buscando a mis dos por el día entero.
no quería creer las cosas que tom dijo acerca de maría ayer.	no quería creer que la <unk> <unk> a tom que mary.
¿cómo se llama?	¿qué se llama?
tomó un <unk> a <unk> del bosque.	él le <unk> un <unk> a la <unk>.
tom probablemente sabía quién era yo.	tom sabía que sabía que era el dinero.
deja libre la tarde del próximo sábado por favor.	por favor, <unk> la voz de las siete.
ella me <unk> una tarta.	ella me hizo una torta.
tom sabe lo que tiene que hacer.	tom sabe lo que tiene que hacer.
soy más rápida que ustedes.	yo soy más rápido que tú.
el escritorio está hecho de madera.	el cajón del escritorio de madera.
ella hizo feliz a su madre.	ella se quedó feliz a su madre.
llévate mi coche.	coge mi coche.
si me <unk> hablado antes al respecto, yo podría haber estado libre. como sea, mañana tengo planes de volver a casa.	si me dijo que me <unk> si me <unk> de que me he estado allí.
esta y esa son dos <unk> diferentes.	esta enfermedad <unk> dos hombres <unk>.
el verano <unk>.	el verano tiene siete.
¿no tienes frío?	¿no estabas enojado?
¿cómo estuvo el <unk>?	¿cómo era la foto?
le dio una respuesta <unk>.	él dio un <unk> <unk>.
¿quién es tu profesor de francés?	¿quién es tu francés?
ambas están bien.	los <unk> son buena.
<unk> mis ojos y <unk> mi cabeza.	me dejé los ojos <unk> mi cocina.
tom se sentó junto a mary en el concierto.	tom se sentó junto a mary al concierto.
¿con <unk> viven?	¿con quién vives?
¿cuántos años tienen vuestros hijos?	¿cuántos años tienen tus hijos?
el <unk> de esquí da <unk>.	las <unk> de la <unk>.
la navidad es el <unk> de <unk>.	la navidad me está <unk> <unk>.
yo lo tomé prestado.	lo vi.
lo siento por ti.	tengo que te <unk>.
tom normalmente solo lee los <unk>.	tom solo vinieron <unk> los <unk>.
yo no quiero abrir la ventana.	no quiero casarme por la ventana.
ella estaba entre los niños.	ella se hizo amiga de los estados.
los dos somos <unk>.	ambos estamos locos.
sus bromas nos <unk> <unk> de risa.	su <unk> tenía que nos <unk>.
tom estuvo pensando en lo que mary le había contado.	tom creyó sobre lo que le había contado a mary.
sois demasiado jóvenes para morir.	eres demasiado joven para muy jóvenes.
¿cuántas preguntas había en el examen?	<unk> muchas cosas en el <unk>?
se requiere <unk> que ellos <unk> sus <unk>.	hay una necesidad urgente de <unk> para los <unk> <unk>.
si yo fuera tú no iría allí.	no pude ir si yo te <unk>.
a tom no le fue bien en el examen.	tom no tuvo el secreto en el mismo.
tuve un día realmente duro.	tenía un realmente muy bien.
es fácil para ti.	te es por ti.
sus amigos están allá dentro.	<unk> amigos en tu universidad.
tom le dio un beso <unk> a maría.	tom le dio un beso <unk> a mary.
escriba un <unk> con <unk> de cuatro <unk>.	se <unk> con las tres meses de <unk>.
¿ya encontraste a tom?	¿has hablado ya tom?
un niño está <unk> el <unk>.	el niño está jugando en un <unk>.
¿en qué año <unk>?	¿qué estabas todo?
debe haber un malentendido entre nosotros.	hay estar allí que nos <unk>.
estoy <unk> esa taza.	estoy <unk> de que <unk>.
ojalá hubiera salido de casa cinco minutos antes.	si tan sólo pudiera que yo pudiera <unk> su casa.
todas ellas entraron.	todos <unk>.
prefiero ir a la montaña en verano.	voy a <unk> la <unk>.
tu libro está sobre el escritorio.	tu libro está en el escritorio.
soy <unk>.	estoy <unk>.
él me golpeó en la cabeza.	me ha salido sobre la cocina.
ya me había tomado un café.	ya me he <unk> un café.
ya no hay un sólo lugar seguro en japón.	no hay un seguro de vivir en japón.
aún tenemos algo de dinero.	todavía tenemos un poco de dinero.
le di al <unk> todo el dinero que tenía.	dejé el <unk> del que me <unk> por el dinero.
hoy hace bueno.	hoy hace bastante calor.
puedo pagar por <unk>.	puedo <unk>.
<unk> absolutamente seguro!	<unk> de que estoy <unk>!
él murió <unk> en la guerra de <unk>.	él murió en los <unk> en la guerra.
<unk> al mediodía.	tuvimos que <unk> a él mismo.
<unk> de nuevo pronto.	<unk> veamos.
mi ciudad natal es muy bonita.	mi hermano es muy <unk>.
usted es buena.	eres bueno.
no os conozco.	no sé de vos.
estudia inglés todos los días.	los niños son <unk> todos los días.
yo <unk> tres <unk> ayer.	<unk> tres kilos.
¿sabes <unk> en <unk>?	<unk> usted en <unk>?
hace demasiado calor.	cuesta demasiado calor.
¿crees que tom <unk> éxito?	<unk> que tom vaya a tom?
pensé que tom vendría a <unk>.	pensé que tom <unk> un <unk>.
<unk> las sobras al perro.	la <unk> <unk> al perro.
el profesor <unk> al muchacho por su <unk>.	el profesor <unk> la <unk> hacia su <unk>.
¿sabes cómo funciona esta máquina?	¿sabes cómo <unk> esta máquina?
los niños <unk> el <unk> y el guardia los <unk>.	los niños <unk> en el <unk> y la <unk> y la <unk>.
él llegó a la estación a las cinco.	él llegó a la estación por cinco <unk>.
yo era demasiado rápido.	estaba demasiado <unk>.
estaba <unk> por escapar.	él se <unk> para <unk>.
<unk> usted su idea con más <unk>.	<unk> contigo una <unk>.
tom piensa que la respuesta es sí.	tom cree que la respuesta es <unk>.
su aliento huele a queso de cabra.	la <unk> huele <unk> a nuestra <unk>.
sus <unk> se <unk> al oír el <unk>.	el <unk> se <unk> cuando le <unk> la <unk>.
japón importa varias <unk> <unk> desde el extranjero.	japón <unk> <unk> a la <unk> de comida <unk>.
yo me <unk> aquí hasta que él <unk>.	<unk> aquí hasta que <unk>.
¿puedes dejar esto conmigo por un rato?	¿me <unk> esto con un rato?
estoy seguro de que tom <unk> <unk> a mary de ir a boston con él.	estoy seguro de que tom vaya a <unk> a mary para que él <unk> con él.
la gente le <unk> a la guerra.	la gente tiene miedo de la guerra.
tom quedó sorprendido de que mary se <unk> tanto.	tom estaba sorprendido de que mary no hubiera <unk> tanto.
la compañía tiene un capital de un millón de dólares.	la compañía ha puesto un <unk> de <unk>.
tienes que estar bromeando.	¡tienes que estar de <unk>!
a los <unk> les gusta viajar en grupo.	el <unk> se les gusta en <unk>.
tom <unk> a su madre para que le <unk> el coche durante el fin de semana.	tom se <unk> a la madre a menudo para el coche.
tom no se <unk> nunca.	tom nunca <unk>.
él es un <unk> muy <unk>.	él es <unk> <unk>.
su nombre, por favor.	por favor, <unk> su nombre.
aquí es donde él se suicidó.	es la tienda de dónde vive que ella se <unk>.
tiene usted que <unk> esos <unk>.	tienes que <unk> a tiempo <unk>.
los <unk> <unk> siempre mirando hacia la <unk>.	<unk> lloró con su <unk> siempre.
quiero ir a francia.	quiero ir a francia.
nuestro <unk> se <unk>.	nuestra <unk> está en <unk>.
¿cuánto <unk> él?	¿qué tan él?
¿cuántos <unk> tienes en tu <unk>?	¿cuántas <unk> tienes de tu <unk>?
la música de <unk> es bella.	el es de la mujer es muy <unk>.
por favor habla más alto para que todo el mundo pueda oírte.	por favor, <unk> tan joven y te puedes.
ellos siempre estaban bromeando.	siempre estaban <unk>.
el <unk> para la tos sabe a <unk>.	la <unk> <unk> <unk> por <unk>.
esto es un <unk>.	esto es un <unk>.
no pasó mucho antes que nos <unk> <unk> otra vez.	no era mucho antes de que nos vimos.
tengo que <unk>.	tengo que <unk>.
pensé que eras mi mejor amigo.	pensé que mi <unk> me <unk>.
¿cuánto tiempo te <unk> pintar mi casa?	¿dónde te <unk> de mi casa?
pronto <unk>.	día día se realizará pronto.
es cruel.	eres <unk>.
¿no le <unk> una carta?	¿no <unk> una carta para él?
era lo suficientemente <unk>.	era bastante suficiente.
<unk> la radio, por favor.	por favor, <unk> la radio.
deja que te dé mi tarjeta de <unk>.	déjame <unk> mis dos por mi ropa.
algunos de ellos son <unk>, y algunos son <unk>.	algunos de los <unk> son <unk> y <unk>.
estoy cansado y quiero irme a casa.	estoy cansada y quiero ir a casa.
tom <unk> que lo que hizo estuvo mal.	tom <unk> lo que hizo estuvo mal.
la sangre era de un rojo <unk>.	el <unk> estaba siendo roja.
te di un libro.	te di un libro.
mi tía <unk> de buena salud durante toda su vida.	mi padre de <unk> <unk> la vida.
su manera de hablar me <unk>.	su camino de manera <unk>.
con tus <unk>, deberías ser capaz de encontrar un trabajo para tom.	con <unk>, por favor, pero tu <unk> es un <unk> para tom.
es la mejor forma de resolver el problema.	es el mejor modo de este problema.
tom le dijo a mary que se iba a <unk>, pero que no tuvo el <unk> para hacerlo.	tom le dijo a mary que no <unk> con su perro, pero no lo haga.
sabía que te gustaría.	yo lo <unk> que me gusta.
ha vivido aquí toda su vida.	él está aquí y su vida.
nos vemos la próxima semana, tom.	la semana pasada la semana, tom.
¿qué tienes en el menú hoy?	¿qué haces en la hora hoy?
<unk> <unk> sin el aire.	sin aire morimos.
¿puede darme algunas de <unk>?	¿puede darme una de <unk>?
no me hagas sentir mal por hacer lo que hice.	no me hagas de mal acerca de lo que había pasado.
las <unk> no se <unk> y tuve que entrar por el <unk>.	no <unk> la única, así que no <unk> tan <unk> por la <unk>.
te veré mañana en el desayuno.	te veré mañana por las reglas.
no estés tan <unk>.	no te <unk> así.
el próximo mes hará diez años que vivo aquí.	me <unk> aquí por diez años el próximo mes.
ayer la pasé verdaderamente bien.	me lo pasé bien ayer.
aquí estarás seguro.	vas a estar aquí.
se fue después de que <unk>.	se fue después del almuerzo.
no hay absolutamente ninguna manera en que yo vaya de viaje solo.	hay pocas <unk> que no tengo un gran para yo.
él es un <unk>.	él es <unk>.
también es una <unk>.	ella es <unk> una <unk>.
la <unk> es una <unk>.	<unk> es un <unk>.
en cuanto llegue, <unk>.	<unk> lo que él te va a él.
gracias por preocuparte de mí.	gracias por tu <unk>.
deme una taza de té, por favor.	<unk> un <unk> de por favor.
él vive ahí solo.	vive allí.
mi esposa <unk> dinero como si yo fuera el hombre más rico en la ciudad.	mi esposa <unk> la <unk> de dar dinero como <unk> en la ciudad.
¿qué pasa conmigo?	¿qué tiene?
¿cuándo quieres que esté de vuelta aquí?	¿querés que te <unk> aquí?
alguien entró en la habitación.	alguien habla la habitación.
veamos cómo <unk> tom a eso.	<unk> ver a tom eso.
me agrada tom.	me gusta tom.
demasiado está en riesgo.	demasiado es por lejos el niño.
déjame ver esa lista.	a ver eso.
ya no somos niños.	no tenemos más niños.
nunca <unk> construir una casa en esta área.	yo escribí que <unk> un <unk> en esta casa.
<unk> la pregunta.	<unk> la pregunta.
realmente pensé que <unk>.	realmente pensé que realmente ganar por ganar.
estoy estudiando música.	estoy estudiando por la música.
yo he escrito este libro.	yo escribí este libro.
había una multitud en el parque.	había a una multitud de <unk> en la plaza.
me pregunto si estará en casa.	me pregunto si él está en casa.
lo siento de verdad.	lo siento verdaderamente.
el tiempo va <unk> a <unk> que <unk> el día.	el tiempo fue <unk> y el <unk> hasta el hospital.
parece que él no sabe acerca de mi <unk> con mi padre.	él no sabe que él <unk> esté <unk> con mi padre.
iré a francia a estudiar pintura.	voy a ir a estudiar misma.
tomé un taxi porque el bus <unk> atrasado.	me <unk> un taxi en la tarde.
tom no tiene nada que ver con esto.	tom no tiene nada que ver esto.
no <unk> su broma.	no <unk> su broma.
gracias por tu <unk>.	gracias por tu <unk>.
por favor, <unk> en <unk>. estoy ocupada.	por favor, <unk> algo de que estoy ocupado.
me levanté más pronto de lo normal para coger el primer tren.	me levanté al más grande que lo <unk>.
ahora me <unk> a mí.	<unk> y me pertenece.
tom dice que oyó a mary y john <unk>.	tom dice que él le gusta mary y john.
tomás se rió en mi cara.	tom se <unk> en mi cara.
para más información, <unk> nuestro sitio.	<unk> más, trata de nuestro sitio web.
déjame probar.	déjame <unk> de <unk>.
pensé que habías dicho que te gustaba probar cosas nuevas.	pensé que te habías dicho que te <unk>.
es tu <unk>.	es tu nuevo.
la estás <unk>.	lo estás <unk>.
creo que volveré el lunes de la semana próxima.	me puedo estar <unk> el lunes.
¡qué buen <unk>!	¡qué un buen aspecto!
<unk> tu leche.	<unk> tu <unk>.
tom le sacó punta a un lápiz.	tom <unk> un <unk>.
esa información, <unk>, es correcta.	el <unk>, la pena es cierta.
no soy tan rico como era.	no soy tan alto como una vez.
dile que estoy nadando.	dile que estoy <unk>.
<unk> tu aliento.	no vale la pena hablar.
tienes suerte de que no te <unk>.	eres usted, no <unk>.
lo aprendí hace mucho tiempo.	creo que tu tiempo libre.
estos guantes <unk> <unk> sus manos.	estos <unk> <unk> la voz.
<unk> qué <unk> ahora?	así que lo haría a hacer ahora?
no te <unk> tanto por eso, la vida tiene sus <unk>.	no te preocupes por tanto de que no te <unk> sea su <unk>.
la madre cortó la torta en ocho <unk>.	a mi <unk> se <unk> en la <unk> y se <unk>.
estoy <unk>.	estoy agotado de trabajo.
tom le arrojó la <unk> a mary.	tom dejó a maría la pelota.
todavía nadie lo sabe.	eso <unk> siendo un misterio.
<unk> es la capital de <unk>.	<unk> es la capital de <unk>.
es imposible que el pájaro <unk> de la trampa.	es imposible para el <unk>.
he escrito todos los <unk> hasta el treinta y uno.	he encontrado con <unk> en el <unk>.
¿cuál es tu equipo de béisbol favorito?	¿cuál es tu deporte de comida preferido?
la policía espera que la gente siga la ley.	la policía rechazó a personas que <unk> el <unk>.
los exámenes <unk> justo después de las vacaciones de verano.	los chicos son las <unk> después de las vacaciones de verano.
¿está <unk> herido?	¿estás <unk>?
él puede con la tarea.	él está <unk> para los <unk>.
tom <unk> una <unk> de nieve.	tom <unk> un <unk>.
disculpe la <unk>.	lo siento tarde.
no me vuelvas a llamar.	no me <unk> de nuevo.
tom le dijo a mary que no fuera.	tom le dijo a mary que no llegara.
ella le hizo feliz.	le <unk> feliz.
te estábamos buscando.	nosotros <unk> por ti.
mary está <unk>.	mary es <unk>.
nos <unk> si <unk> cuándo <unk> la película.	<unk> si lo que nosotros necesitamos el próximo <unk>.
ese vestido se ve <unk> en ti.	esa corbata se <unk> en ti.
roma no fue <unk> en un día.	yo no estaba <unk> en un día.
algunos hombres se <unk> las piernas.	algunos <unk> <unk> sus piernas.
tom es un amigo mío.	tom es un mío de la mía.
no sé por qué me <unk> en venir aquí.	no sé por qué me despidieron aquí.
sé que estás preocupada por tom.	sé que están preocupados por tom.
<unk> esto.	<unk> esto.
<unk> a todos en voz alta.	se <unk> por <unk>.
no tengo ganas de estudiar inglés hoy.	no tengo ganas de hoy hoy.
ya te encontré.	te encontré.
esta foto no es suya. es nuestra.	esta no es la única que no está <unk>.
hemos estado ahí antes.	hemos pasado antes de que se había allí.
no podemos dejar que nos <unk>.	no podemos dejar <unk> <unk>.
el <unk> le disparó a un <unk>.	el <unk> <unk> un <unk>.
tom nunca dijo una palabra.	tom nunca dijo una palabra.
los <unk> se <unk> para <unk> el problema.	el <unk> <unk> al problema.
el escritorio está cubierto de polvo.	el cajón del escritorio está cubierta con él.
juego con él.	lo conocí con él.
<unk> para los niños, este libro a menudo lo <unk> <unk>.	<unk> por los niños, es un libro de menudo, por favor.
todavía no ha <unk> la <unk>.	el niño no se ha <unk>.
el autobús <unk>.	el tiempo <unk> mucho tiempo.
me estoy <unk> a este clima.	me estoy <unk> a todas este.
tom dejó claro que quería que mary hiciera el trabajo ella sola.	tom lo hizo por <unk> que mary quería <unk> trabajo en su trabajo.
él <unk> a su hijo a estudiar más.	él se <unk> para <unk> a estudiar misma.
por favor, <unk> <unk>.	por favor, <unk> <unk>.
¿acaso no sabes eso?	¿tú no sabes eso?
yo no <unk> a tom.	no voy a tom.
no soy esa clase de tipo.	no estoy tan <unk> de tipo.
se <unk>.	<unk>.
esta costumbre comenzó durante el <unk> <unk>.	este libro de esa <unk> <unk> a la <unk>.
no sé que podemos hacer.	no sé lo que podemos hacer.
voy a la escuela <unk> en bicicleta.	me dejé la bicicleta al colegio.
mucho de lo que <unk> había oído acerca del <unk> <unk> era cierto.	muchas <unk> <unk> del <unk> <unk> del humor se había <unk> del objetivo.
tres de mis hijos murieron.	ninguno de mis hijos murió.
¿estás diciendo que soy un mentiroso?	¿piensas que soy una mujer?
falta el punto al final de la <unk>.	el <unk> está <unk> por el centro de la ciudad.
déjame arreglarlo.	lo preguntaré de otro modo.
solo necesito saber quién es tom.	yo solo necesito saber quién es tom.
los <unk> <unk> un juramento de no <unk> a nadie.	los doctores hacen un juramento de no herir a nadie.
tom es <unk>.	tomás es un cero a la izquierda.
su respuesta fue <unk>.	su <unk> era <unk>.
el juego se <unk> por la lluvia.	el partido fue <unk> a hacer <unk>.
él <unk> dentro de un mes.	él murió un mes en un mes.
ellos se ven felices.	parece feliz.
quiero <unk> a tom.	quiero <unk> a tom.
ella tiene que <unk> a su familia acerca de su novio.	ella tiene a la familia de su familia de ella.
te <unk> un <unk>.	te mostraré.
charla con tus amigos.	<unk> bien amigos <unk>.
el chico que está parado por allá es mi hijo.	el niño se puso en <unk> es mi hijo.
tu perro todavía me está <unk>.	tu perro es grande para mí.
tom se <unk> de <unk>.	tom se <unk> de sacerdote.
me gustaría que <unk> a tom ir con nosotros.	te gustaría que tom <unk> ir a cenar.
tom y mary estaban hablando en francés cuando john entró a la habitación.	tom y mary estaban fuera en francés como john.
amaba boston.	solía <unk> a boston.
no debes hablar mal a <unk> de los demás.	debes no tienes a hablar de sus novelas <unk>.
¿adónde vas a ir en tus vacaciones?	<unk> dónde vas a tu casa?
él lloró y lloró.	él no miró y <unk>.
ni siquiera sé qué es eso.	ni siquiera sé qué es.
siempre está ocupado.	él siempre ha ocupado.
no sé por qué me <unk> a mí.	no sé por qué me odia.
parece que no hay ninguna necesidad de ir.	parece que no necesito estar decente.
tom y mary son los dos <unk>.	tom y mary son los dos <unk>.
¿no querés darme un <unk>?	¿quieres que no <unk> un <unk>?
él <unk> el <unk> de <unk>.	él se <unk> de <unk>.
puede que tenga que ayudar a tom.	yo tengo que ayudar a tom.
si yo fuera tú, no habría hecho eso.	no tengo que 10 si tengo <unk>.
