él es su único hijo.	es su <unk> madre.
toma algo.	tiene algo de dinero.
<unk> la luz.	cierra la ventana.
sus zapatos están <unk>.	tus ideas son <unk>.
le tiene miedo a los gatos.	él es un de <unk>.
me <unk> allí un par de días.	voy a <unk> por un par de días.
<unk> a menudo pensaba en el futuro.	los <unk> <unk> a la primera vista.
me gusta esa universidad, pero está demasiado cerca de casa.	me gusta el color, pero es mi <unk> de <unk>.
todos <unk> <unk>.	todos se <unk> de repente.
aquella chica se parece a maría.	esa chica se parece a mary.
al final del discurso, ella <unk> la palabra.	<unk> el libro de la estantería <unk> por la puerta.
se <unk> por la <unk> de su amigo.	ellos <unk> banderas, de <unk> <unk> a la <unk>.
tom está <unk> lo que dijo.	tom es probablemente lo que está diciendo.
solía haber un puente aquí.	solía haber una ley.
no hemos sabido de ella desde entonces.	desde entonces no he oído nada de ella.
no me acuerdo dónde puse mi llave.	no recuerdo haber enviado este mensaje de mi amigo.
ya no deseo <unk> parte de este proyecto.	no deberías tener más oportunidad de este caso.
pienso que esto es realmente <unk>.	creo que es muy interesante.
los doctores llevaban <unk> <unk> en la nariz y la boca.	la <unk> se <unk> por la música porque <unk> un <unk>.
tom echó algo de leche en el vaso y se lo <unk> a mary.	tom <unk> en algún sitio donde mary al <unk> de la escuela.
él se <unk> de ella después de años de <unk>.	él le <unk> su abrigo a <unk>.
llame usted a un guardia.	<unk> una cometa.
no te voy a dar mi número de teléfono.	no voy a mi madre de vuelta.
solo continúa.	haz como <unk>.
probablemente es la enfermedad que <unk> <unk>.	es la <unk> más que la <unk>.
tom aún no puede sacar a mary de su cabeza.	tom no puede comprender a mary y a john le gustaba.
esta <unk> es para el té.	esta <unk> es para tanto.
¿tienes <unk> de <unk>?	¿tienes un bote de <unk>?
ya veo que esto se te da bien.	puedes decir lo que quieras.
comí tres <unk> de torta.	comí de pollo con mis <unk>.
ella se fue con él al <unk>.	ella fue a la escuela con él.
le <unk> <unk> <unk>.	te <unk> demasiado en tokio.
ellos me <unk> a <unk>.	a mí nos me <unk> a mí.
este lugar me da <unk>.	este olor me <unk> por el <unk>.
hago <unk> dos horas por día.	yo ando más tarde para el día.
puede que no sea suficiente.	esto no podría ser mayor.
bajo ninguna <unk> debes <unk> la habitación.	no deberías nadie con la familia entera.
prefiero la <unk> a la <unk>.	prefiero <unk> a cantidad.
¿sabes dónde será la reunión de mañana?	¿sabes dónde está trabajando ahora?
no fue sino hasta que me <unk> del colegio que me di cuenta de la importancia de estudiar.	no fue el mejor que me había dado a las <unk>.
en seguida <unk> a <unk> el proyecto.	<unk> la pelota con ello.
¿por qué no tengo novio?	¿por qué no tengo un?
tu inglés es perfecto.	tu opinión es la mía.
¿cómo estuvo su cumpleaños?	¿cómo estuvo tu viaje?
no crees esa historia, ¿o si?	no tienes que sí, ¿verdad?
pensé que tom estaba de vacaciones.	pensé que tom estaba en <unk>.
será mejor que te vayas ya a la cama.	ahora me <unk> otra vez.
es la voz de una vieja.	es la voz de una anciana.
la misión fue un <unk>.	el rey fue <unk>.
te amo tal como sos.	te prometo que yo solo.
no me importa, con tal de que seas feliz.	no me puedo tan pronto como el dolor de <unk>.
todavía estás <unk> ¿verdad?	sois alemanes, ¿verdad?
no olvides que tenemos deberes.	no tenemos que nada más.
no <unk> el sentido de todo esto.	no me voy a la de camino de esta ciudad.
¿tom está herido?	¿tom es <unk>?
<unk> como un <unk>?	¿me como un <unk>?
soy <unk>.	yo estoy <unk>.
creía que tom era canadiense.	pensé que tom estaba en peligro.
ella se <unk> en su trabajo.	ella <unk> en su camino.
mira quien está despierto.	mira todo el mundo.
¿dónde nos <unk> el autobús?	¿dónde nos <unk> el autobús?
vi a alguien.	vi a los perros.
este trabajo es lo suficientemente simple para que lo haga un niño.	esta es difícil vivir para la fiesta ahora.
quiero que tú vayas.	quiero que vayas a la cama.
los zapatos están <unk>.	los zapatos son <unk>.
<unk> a hacer esto hace cuatro años.	hace este momento que tenía quince años.
¿cómo de profundo es el lago?	¿cómo va el <unk> restaurante?
<unk>.	se <unk>.
no sé de ella desde entonces.	no he oído de ella desde entonces.
yo comprendo tu lengua.	entiendo tu amigo.
eres incapaz de hacer eso.	es imposible que no puedas hacerlo.
¿alguien le conoce?	¿alguien lo conoce?
está realmente enfadado.	él es muy amable.
necesito <unk> todo lo que pueda.	necesito saber todo el que me <unk>.
¿alguna vez te has <unk> en una <unk> de <unk>?	¿alguna vez has <unk> en <unk>?
este libro merece atención.	este libro es de ser <unk>.
haría cualquier cosa por ustedes.	haría cualquier cosa por usted.
yo los podría matar.	yo podría <unk>.
todavía tenemos que encontrar a tomás.	todavía tenemos que <unk> a tom.
lo <unk> en falta.	lo hice.
ella pocas veces sale.	ella se quedó sin el pelo.
<unk> si no vas a llegar a tiempo.	si <unk> que no puedes <unk> aquí.
<unk> encontrar el libro?	¿te <unk> ver al teléfono?
ha pasado más de un año desde que tom <unk> boston.	ha pasado mucho tiempo desde que se fue de aquí.
¿quién no estaba aquí?	¿quién ha puesto?
la noche aún es joven.	la línea está ocupada.
en la oficina ha habido mucha <unk> esta mañana.	hay agua caliente de la sala sin el museo.
tengo un libro en la mano.	tengo un libro en mi cara.
tom no podía decidir cuándo comenzar.	tom no podía dejar de pensar en ti.
me pregunto si tom me <unk> francés.	me pregunto si me <unk> si tom está estudiando.
no tengo nada que ver con sus problemas.	no tengo nada que hacer con su tarea.
le veré en boston.	te veré en boston.
tom le pasó a mary el <unk>.	tom le disparó a mary que la <unk>.
no tuvimos nada de ayuda de tom.	no tuvimos ningún problema de tom.
tenemos cinco dedos en cada mano.	hemos llegado <unk> y <unk>.
ya he <unk> tu número de teléfono.	ya me he tomado <unk>.
se <unk> al ver el <unk>.	estaban a las hojas del la mañana a las muñecas.
está muy <unk>.	es muy popular.
yo estaba escribiendo una carta cuando él llegó.	solo estaba un partido de días.
se va al extranjero dentro de <unk> meses.	ella está todavía en el mejor restaurante.
hay un control <unk> <unk> del sofá.	hay una botella de las <unk> para la mañana.
el diez de julio, el <unk> fue <unk>.	en <unk>, los <unk> <unk> <unk>.
podemos ir.	nos ir.
todos aman a los <unk>.	todos conocen a todos los <unk>.
sea cual sea tu <unk> y lo feliz que seas en ella, habrá <unk> en los que <unk> haber <unk> otra carrera.	no importa cómo <unk>, puedes <unk> como pueda hacer después de las <unk>, puedes comerte <unk> de esas páginas web.
vuestra hija ya no es una niña.	tu falda es una hermosa difícil.
eso no es asunto nuestro.	es nuestra culpa de cosas.
está deprimido.	está deprimido.
tom trató de <unk> a mary a jugar <unk>.	tom trató de <unk> a mary que no llegara a los padres.
estoy <unk>.	soy <unk>.
dos ladrones entraron en una tienda.	se <unk> dos veces por <unk>.
ella se casó con un <unk>.	ella se <unk> una <unk>.
este es un buen sushi.	esto es bueno para la mente.
tengo que resolver muchos problemas.	tengo un montón de tarea por la hacer.
cierra la puerta.	puerta la puerta.
el clima es <unk> y <unk>.	el clima está <unk> y <unk>.
ella siempre está ocupada.	ella siempre se está <unk>.
tengo que <unk> un regalo que te va a <unk>.	tengo una impresión de irse cuando ti.
te veré el mes que viene.	te veré más tarde.
esa es una pregunta muy difícil.	eso es una pregunta difícil.
me sentí bastante <unk>.	me sentí <unk> de los políticos.
¿es importante?	<unk> eso?
¿le gusta san <unk>?	¿te gustan <unk>?
tom va a poder venir a nuestra fiesta mañana.	tom es capaz de andar para hacer la tarea.
tom siempre parece estar <unk> en algo.	tom siempre se siente feliz con tu <unk>.
esta es una <unk> <unk>. no cuesta nada.	esta es un <unk> de la cual no lo <unk>.
ellos <unk> dinero de él.	ellos lo <unk> de dinero.
no te culpo por el accidente. no fue culpa tuya.	no te preocupes por la que lo hiciste con un <unk>.
los <unk> <unk> todo el tiempo.	todos <unk> todas las luces.
estoy <unk> a ello ahora.	ahora estoy intentando <unk>.
hay a <unk> les gusta el béisbol, y a <unk> les gusta el fútbol.	a algunos perros les gusta la lengua y no pude <unk>.
quisiera pasar algunos días con tom.	quisiera quedarme unos minutos a solas con tom.
<unk> enseguida.	hazlo en seguida.
ella me <unk> al <unk>.	ella me <unk> a la <unk>.
¿qué hay que hacer?	¿qué debería hacer?
tom ha estado trabajando en este informe desde esta mañana.	esta noche, tom es bastante orgulloso de esta noche.
ella se <unk> en cantante.	ella me hizo una.
él no lo volvió a decir.	él nunca lo dijo antes.
¿qué te hizo cambiar de idea?	¿qué te hiciste tu plan?
tom no tenía idea de por qué mary se fue temprano.	tom no tuvo más alternativa que mary a mary.
una <unk> de <unk> <unk> al <unk>.	un <unk> de <unk> <unk> por la <unk>.
tom se cree <unk>.	tom cree que él es el <unk>.
yo <unk> un <unk> en mi jardín.	yo he <unk> un <unk> en mi jardín.
tom no tiene un <unk> <unk>.	tom no tiene un gato de vidrio.
tom quería a mary.	tom quería muerta a mary.
<unk> que tenés suerte?	¿no crees que es cierto?
¿con qué les <unk>?	¿qué hiciste con él?
<unk> él llegará tarde a la escuela.	es justo lo suficientemente <unk>.
tráeme una toalla <unk>.	tráeme una un libro.
es su <unk>.	eso es su <unk>.
quiero que se <unk> aquí.	quiero que tomes aquí.
no vino nadie.	nadie vino.
por extraño que <unk>, ella de repente <unk>.	para ella, él se <unk>.
ellos empezaron a <unk>.	ellos les gustan los gatos.
a cada uno de nosotros se nos dio <unk> dólares.	<unk> de una cada tan delicioso como <unk>.
deberíamos haberle contado la verdad.	siempre lo hemos hecho que él es el problema.
me acuerdo de <unk> visto el año pasado.	me acuerdo de haberme ciudad anoche.
lo que se habla es más importante que cómo se habla.	lo que dices es absolutamente que <unk>, te ves muy importante.
tom fue a la playa la semana pasada.	tom fue la última vez que fui a llorar.
<unk> cinco minutos más.	<unk> por unos minutos.
nunca he <unk> en avión.	nunca <unk> en un <unk>.
la madre <unk> <unk> esa ayuda <unk> para ayudar a la gente pobre de la india y de todo el mundo.	sus <unk> <unk> en la policía le dijo que el <unk> y el auto en el hospital.
¿has <unk> en una prueba alguna vez?	¿has discutido alguna vez en un plan?
¿de quién es este vino?	¿dónde está su nombre?
sabía que <unk> a tom.	me pregunto que tom <unk> por ti.
<unk> la pregunta.	cierra el <unk>.
no pensé que era tan malo.	no pensé que nadie era tan de <unk>.
¿por qué estás tan seguro?	¿por qué están tan tristes?
¿qué te dio tom en tu cumpleaños?	¿qué <unk> puesto que tom?
¿puede alguno de éstos ser real?	¿puede alguno de éstos ser verdad?
cogió un taxi para ir al hospital.	ella se <unk> para un taxi.
debería ir a casa y dormir un poco.	me gustaría salir a un perro antes de <unk>.
el piloto <unk> el avión sin problemas.	el <unk> <unk> el año pasado.
el dinero es la <unk> de todos los <unk>.	el <unk> es la <unk> <unk>.
ayer cogí el <unk>.	yo <unk> la reunión.
¿en qué idioma se habla en los estados unidos?	¿qué lengua se habla en los estados unidos de américa?
deberíamos hacerlo todos los lunes.	nos gusta alto de este lado de mí.
<unk> sentí un <unk> dolor en mi estómago.	de repente, un perro se me olvidó una vez al lado de tiempo.
le aconsejó que <unk> el dinero.	ella le aconsejó que fuera al lago.
debo <unk> tu promesa.	tengo que <unk> tu <unk>.
eres una mujer.	sos una linda mujer.
tengo que <unk> un coche.	tengo que comprar un coche.
¿por qué siempre <unk> tarde al colegio?	¿por qué está bajo todo el día de san valentín.
<unk> tom a beber a menudo con mary?	tom a menudo se ve ir a boston?
ya había más de veinte personas <unk> allí.	había <unk> ahí antes de que las <unk>.
¿no te gustaría tomar otro vaso de leche?	¿no tienes otra forma de otra taza de café?
<unk> todos ellos estén <unk> ahora.	ellos son <unk> cada <unk>.
¿qué es lo que verdaderamente te encanta hacer?	¿qué realmente a hacer más?
ella fue <unk> por su abuelo.	ella le <unk> por su ayuda.
el niño está <unk>.	el niño está <unk>.
acabé <unk> disculpas.	comí <unk>.
puede que su historia sea cierta.	su historia suena cierta.
tom fue <unk>.	tom estaba <unk>.
él estaba profundamente dormido.	él estaba completamente despierto.
un estudiante de <unk> media hizo este <unk>.	mucha gente tiene <unk> su pieza.
iré siempre y cuando los demás <unk>.	voy a <unk> a la estación.
no tenemos un perro.	no tenemos un perro.
ella se quedó dormida con el <unk> puesto.	ella se <unk> con la playa.
me gusta el <unk> corto.	me gustan los poemas <unk>.
fue <unk> ver lo rápido que <unk> el niño.	nos <unk> ver al día en un lugar donde.
esta es una <unk> <unk>.	esto es un <unk> de <unk>.
después de comer, siempre me da sueño.	después de que terminemos, la <unk>, me mudé de las dos.
<unk> a la chica a su casa.	ella <unk> la casa.
tendrás que pagar.	tienes que <unk>.
¿crees que tom <unk> hacer eso?	¿tú piensas que tom es capaz de hacerlo?
no os esperaba tan pronto.	no le <unk> que <unk> a ti.
¿cuál es tu <unk> favorito de <unk>?	¿quién es tu pasatiempo favorito con plátanos?
¿cuál es la <unk> del cámara de allí?	¿cuál es el <unk> de la <unk> de <unk>?
john fue a la tienda.	él se llevó a la estación.
tomé de la mano a mi <unk> cuando <unk> la calle.	me <unk> por mi gato, el carro en el hospital.
su casa es grande.	su casa es grande.
<unk> un <unk>.	te ves una historia.
tom y mary <unk> a john.	tom y mary están justo detrás de john.
hablando <unk>, él no es de <unk>.	la <unk> de <unk>, está <unk>.
me <unk> cuando sonó el teléfono.	me encontré con el libro cuando estaba allí.
no creo que eso sea posible.	creo que no es posible.
tengo algo de <unk> de <unk> para la <unk>.	tuve problemas para <unk> el <unk> de <unk>.
sé cómo resolver el problema.	sé cómo instalar el problema.
esta manzana sabe <unk>.	esta noche <unk> es <unk>.
tenemos algo en común.	tú y yo tenemos algo en común.
¿le ha dicho a usted algo <unk>?	¿has jugado <unk> alguna vez?
me encanta el helado.	me encanta su nombre en la.
no me creo lo que dice tom.	no creo lo que tom es posible.
¿quién te ayudó?	¿quién te <unk>?
mi padre va a <unk> mañana alguna comida deliciosa.	mi padre me va a matar nunca <unk>.
tom <unk> algo de dinero del banco.	tom <unk> mucho dinero a las <unk>.
tom no tuvo ninguna oportunidad de hablar con mary.	tom no tuvo una cita con mary.
esta canción es muy popular en japón.	esta es una tienda nueva que <unk> la vida.
quedó a cargo del negocio de su padre.	le tomó <unk> el coche pasado.
¿cómo puedes estar tan <unk>?	¿cómo podés ser tan egoísta?
mi padre estuvo durmiendo durante la película.	mi <unk> me <unk> la cabeza.
está en la oficina.	él está en el equipo.
tom está escuchando.	tom está cocinando.
tom va a ir al <unk>.	tom va a <unk> la mañana.
aún cuando la propuesta parecía ser una buena idea, ellos la <unk>.	<unk> el servicio de la sala, pero un <unk> que se sonroja.
supongo que ahora realmente estoy en problemas.	ojalá me estoy realmente en la ciudad.
<unk> aquí.	aquí de <unk>.
tom escribió un libro sobre pájaros.	tom se maneja con un momento.
este vino está hecho de <unk>.	este vino <unk> está de <unk>.
¿es un pedido o una orden?	¿es un mapa en una <unk>?
nos <unk> el uno al otro en la estación.	nos quedamos en el camino.
mira, sé que estás ocupado.	personalmente, estás ocupado.
deberías <unk> tu <unk>.	deberías <unk> tu <unk>.
hace mucho calor.	es demasiado peligroso.
tom quería que te <unk> algo.	tom quería que quería <unk>.
no es mío.	no es raro.
ella empezó a <unk> al perro.	ella empezó a hablar con el perro.
me quiero ir.	quiero irme.
te voy a extrañar.	te <unk> de nuevo.
tom le preguntó a mary dónde vivía john.	tom le preguntó a mary por john.
parece que va a nevar.	parece que va a llover.
estamos entre amigos.	somos los amigos.
probablemente tom <unk>.	tom estaba totalmente borracho.
¿qué te gustaría hacer en el futuro?	¿qué querías que hiciera en tu cine?
¿quiere una taza de café?	¿quieres una foto de café?
la reunión se <unk> a lugar el próximo domingo.	la reunión se realizará mañana a la reunión.
ella habló con el presidente.	ella <unk> a la <unk>.
el perro <unk> cuando nos <unk>.	el perro <unk> al <unk> de <unk>.
mi hijo no me <unk>.	mi cumpleaños no me <unk>.
es justo lo que quería.	es lo que yo dice saber.
tom recuerda.	tom <unk> por <unk>.
conocí a tom.	me hice a tom.
me <unk>.	perdí.
ese perro es demasiado peligroso para <unk> <unk>.	ese coche es demasiado chica para vivir sin.
¿acaso viste lo grande que es su casa?	¿has <unk> su máquina de nuevo?
este problema es un verdadero <unk>.	este es el sitio <unk> para ser.
¿cuándo volvió?	¿cuándo se puso a él?
solo quiero ir a casa y dormir un poco.	solo quiero dar un vistazo y mi también.
tom <unk> que sus compañeros de clase se <unk> con más respeto.	tom <unk> sus padres con la gente <unk> que sus padres habían cometido.
tom no tiene <unk> amigos.	tom no tiene amigos de sí.
¿con cuánta comida debería estar <unk> a mi perro?	¿cómo debería estar <unk> mi nuevo?
mi hermana tiene un trabajo.	mi hermana tiene un empleo.
<unk> dónde se estaba escondiendo tom?	¿sabes dónde se <unk> tom?
él es un hombre en quien siempre puedes confiar.	él es hombre que siempre un hombre que pudiera pasar.
les pedí que me <unk> el coche.	a mi reloj me <unk> con ella.
tom quiere <unk>.	tom quiere ver a <unk>.
no comí desde el desayuno, estoy <unk>.	no he comido chocolate desde que tenía trece años.
su <unk> se ha hecho realidad.	su <unk> quizás tiene <unk>.
tengo mucha sed.	estoy muy <unk>.
debiste haber dicho eso antes.	deberías haber visto a ti.
tom <unk> los dientes.	tom se <unk> la cabeza.
es un <unk> que tom siga vivo.	es una <unk> que tom se ha <unk> a mary.
¿se habla inglés en canadá?	se <unk> en nuestra ciudad, ¿no?
soy la esposa de tom.	soy el <unk> de tom.
¿tiene una tarjeta de <unk>?	¿tienes una <unk> <unk>?
me estoy <unk>.	soy alérgico.
tom te ha mentido.	tom ha mentido.
la cuenta <unk> a tres mil dólares.	la <unk> <unk> lo suficientemente <unk>.
se ha <unk> mucho el <unk> de esa <unk>.	esa compañía está muy <unk>.
descubrió una nueva estrella.	<unk> un <unk> tan delicioso.
jamás <unk> con él.	nunca <unk> con él.
el éxito sólo depende de tu propio esfuerzo.	la <unk> <unk> <unk> a la larga <unk>.
¿sabes lo hermosa que eres?	¿sabes a qué distancia?
ella es una <unk> <unk>.	ella es un <unk> arte.
a ella le gusta la <unk> más que cualquier cosa.	a ella le gusta la música más que otra cosa.
tom pasó algunos años en boston cuando estaba en la universidad.	tom vivió en una ciudad cuando está en boston.
vamos camino a casa.	estamos en el camino.
he oído que eres un buen <unk>.	asumo que estás tan cansado, de mí es un buen
ella estaba <unk> en el sofá con los ojos cerrados.	ella <unk> con unas tijeras en un arma.
tom negó haber <unk> el <unk>.	tom <unk> que él había <unk> el <unk>.
el colegio empieza el ocho de <unk>.	el colegio empieza a las <unk> <unk> en la <unk>.
tom vio a maría irse.	tom ayudó a mary.
la semana pasada él estuvo enfermo.	él estaba enfermo hasta la semana.
<unk> <unk> <unk> el <unk> económico.	el <unk> <unk> hecho <unk> <unk>.
no te olvides de <unk>.	no te olvides de <unk>.
<unk> pasada la medianoche.	me <unk> después de la hora.
quiero que ella haga el trabajo difícil.	ella quiero hacer en el trabajo.
<unk> al ladrón esta mañana.	el <unk> fue <unk> este año.
te estaba <unk>.	te <unk>.
<unk>, no <unk> tu opinión.	<unk>, no estoy <unk>.
conocen algo.	a ellos lo <unk>.
estaba intentando ocultar mis <unk>.	me di cuenta de <unk> en su dormitorio.
<unk> con suerte.	eres mala de <unk>.
estamos muy <unk> de ti.	estamos muy orgullosos de buena.
<unk> le dio al blanco en el primer <unk>.	los <unk> <unk> en sus problemas con la <unk>.
<unk> a alguien <unk>.	<unk> 30 <unk>.
el niño todavía está durmiendo.	el bebé está todavía.
vemos la televisión juntos.	nos quedamos <unk>.
eso sería poner el carro delante de los caballos.	ese programa <unk> el mismo error.
¿cómo vas a <unk> este problema?	¿cómo te gustaría que tom es capaz?
el arte es algo serio.	<unk> una cosa más <unk>.
yo voy a parís el próximo mes.	voy a parís mañana.
mejor vete.	es mejor que vayas.
tom no tuvo que ir a trabajar hoy.	tom no quería que ir a la escuela.
<unk> a mi pregunta.	mi <unk>.
¿cuántas veces en una hora <unk> los <unk> desde aquí?	¿cuántas horas de aquí tiene el día de navidad aquí?
tom no quiso saber nada de mis problemas.	tom no quiso seguir mis amigos.
me gusta viajar solo.	a mí me gusta escribir.
dinos qué hacer a <unk>, por favor.	por favor, <unk> lo que haremos.
simplemente <unk>.	déjalo suerte.
él es una persona <unk>.	él es un <unk> mayor.
tom tiene algo que discutir con todos nosotros.	tom tiene que algo de comer a su familia.
tengo una reunión muy importante.	tengo una cita muy triste.
ellas están conmigo.	ellos están <unk>.
¿qué más quieres que diga?	¿qué quieres decir que haga?
quiero que <unk>.	quiero que vengas a ir.
¿dónde está mi paraguas?	¿dónde está mi reloj?
¿querés <unk>?	¿quieren un poco de café?
tengo que <unk> el <unk>.	tengo que alimentar a mi gato.
sé la <unk> razón por la que se <unk>.	conozco a la chica que no <unk> su salario.
ya no me importa.	no me acuerdo en la.
ella <unk> sola.	ella parecía joven.
tom es muy diferente.	tom es muy <unk>.
mary <unk> el gran mapa sobre la mesa.	maría cree que la <unk> <unk> el auto.
él se fue a quedar donde su <unk>.	él fue a <unk> que sus propios iba.
ayer tom se quedó en casa todo el día.	tom se preguntaba todos ayer por la mañana.
no puedes ser amigo de todos.	no puedes ser lo <unk> con nosotros.
él viajó con su familia a <unk>.	él <unk> con la <unk>.
no me iré hasta mañana.	no voy a estar en casa.
eso debería <unk>.	será algo de eso.
es <unk>.	está mejorado.
<unk> <unk> a ayudar?	¿te <unk> ayudar a aclararlo?
lamento que hayas resultado <unk> en esto.	te estoy <unk> de lo que te <unk>.
si hubiera tenido tiempo suficiente, podría haber visto más de londres.	si tuviera tiempo iría al cine así.
tom dijo que él estaba completamente <unk>.	tom dijo que él estaba completamente confuso.
él tiene unos <unk> <unk>.	él tiene una <unk> <unk>.
tom puso su billetera <unk> del asiento del auto.	tom puso su <unk> en la lista.
es imposible no <unk> por su <unk>.	es imposible que <unk> por su <unk>.
le <unk> los zapatos.	ella le echó una <unk> a su <unk>.
tiene cerca del <unk> de un huevo.	es el <unk> de <unk> de la clase.
ella me recibió con una gran sonrisa.	ella me <unk> con una sonrisa.
todavía está claro afuera.	todavía está vivo.
vamos a ir a comer el viernes.	nosotros nos <unk> por un segundo.
tom <unk> a mary.	tom <unk> a mary.
nuestro tren se <unk> de repente.	nuestro jardín se puso rojo.
ninguno de nosotros está en contra de sus ideas.	los <unk> son de <unk> con los ojos.
le daré una copia a cualquiera que la <unk>.	te <unk> una <unk> para aprender a un acuerdo.
deberías dormir.	deberías <unk>.
encontramos una hermosa <unk> azul en la <unk> más <unk> de la <unk>.	nosotros vimos <unk> el reporte, el asesinato se <unk> en la estación de semana.
<unk> todas las <unk> de <unk> <unk>.	todos nos <unk> de <unk> las banderas.
a tom le encanta contar <unk>.	tom olvidó de hacer que mary.
esto va a ser fácil.	esta es ser <unk>.
él sólo sabe hablar un poco de inglés.	él solo puede hablar sin un día.
no tengo ganas de <unk>.	no tengo ganas de comer.
primero el trabajo, después el <unk>.	la guerra <unk>.
la familia ama mirar <unk> <unk> juntos.	el canal de la mancha <unk> a inglaterra y francia.
lo deben haber sabido desde el <unk>.	si tiene que se han ido.
no quiero hablar con tom nunca más.	no quiero hablar más con tom.
tom está a punto de irse.	tom está a punto de mí.
<unk> entrar?	¿te gustaría venir a pescar?
no sé <unk>. es difícil.	no entiendo el <unk> porque es difícil.
lo hicieron ellos.	lo hizo.
hoy tom no quiere ver nada.	tom no quiere nada más que quejarse.
no <unk> <unk> a tom.	no pude <unk> a tom.
ella estaba <unk> de rojo.	ella fue <unk> en el accidente.
ya es suficiente para todos nosotros.	tenemos que alcanzar a hacer eso.
<unk>, ¿me puede <unk> el camino a la estación?	¿me, ¿cuántas <unk>, tom ha hecho la cena?
las <unk> <unk> son <unk>.	<unk> <unk> tienen un <unk> de <unk>.
ella me trata como si fuera un bebé.	ella me preguntó si podrías hubiera estado enferma.
nunca <unk> que tom tuviera problemas.	nunca <unk> que tom a <unk> un trabajo.
eso pienso yo.	yo pienso que tom.
era bastante <unk>.	fue <unk>.
cuidado de no <unk> ese vaso.	<unk> cuidado de no <unk> eso.
¿cómo pudo ocurrir eso?	¿cómo va <unk> que tomás?
ahora no estoy estudiando.	no estoy estudiando ahora.
tom no come carne, y mary tampoco.	tom no cree que mary no supiera los demás.
pídele a tom que me llame tan pronto como <unk>.	tom me <unk> que llamar a las cosas como <unk>.
cada vez que escucho esta canción, lloro.	lloro cada vez que escucho esta canción.
fue el mejor día de mi vida.	esa fue el mejor jugador de mi éxito.
<unk> a mi pregunta con cuidado.	mi <unk> me <unk>.
tom está leyendo un libro.	tom es un libro de londres.
murió a los <unk> años de edad.	él vivió hasta el aire de <unk>.
no me despidieron. me fui.	no estaba salir de mí.
él tiene unos <unk> <unk> de <unk> dólares.	tiene un <unk> de <unk> 5. 000 <unk>.
los <unk> se la pasan quejando del clima.	los <unk> <unk> ante el hecho de la tierra.
la voz me <unk> a mi madre.	el <unk> me ha perdido el reloj.
ellos <unk> a su país de los <unk>.	ellos <unk> banderas del <unk> en la mejilla.
¿lo has hecho tú sola?	¿lo <unk>?
el perro debe de estar <unk>.	el perro se debe al ser.
la casa de tomás y maría es muy <unk>.	tom y mary es más <unk> de su pieza.
tom está borracho.	tom es <unk>.
no <unk> mi paciencia.	no <unk> en mi casa.
ahora es tiempo para empezar a estudiar.	ahora de estar a tiempo.
tom se quitó los zapatos y los calcetines.	tom se sacó los zapatos y los calcetines.
la prisa es mala <unk>.	<unk> mano.
mi hijo es <unk>.	mi hijo es <unk>.
en caso de emergencia llama a la policía.	en el espacio la tierra parece bastante a la.
me <unk> imposible acabar el trabajo en una hora.	es imposible que me vaya a la reunión en un acuerdo.
no tengo toda la noche.	no estoy otra.
él no es estúpido.	no es estúpido.
tengo una idea mejor.	tengo una idea.
ni soy canadiense.	ni siquiera estoy muy triste.
" rápido " es el contrario de " <unk> ".	" kioto " es el <unk> de " tokio ".
el tren ha pasado el cambio de <unk>.	el edificio está <unk>.
este cajón es de madera.	esa pregunta es una ciudad.
ellos se van a encontrar mañana en el hotel.	ellos <unk> a la casa a las 7.
mi padre <unk> cuarenta pronto.	mi padre va a ser <unk>.
¿qué es esa cosa?	¿qué es ese ruido?
tom volvió a dormir.	tom fue a <unk> para estudiar.
este <unk> es igual al que perdí hace una semana.	esta es la peor forma de que <unk> la cual vine.
el soldado <unk> herido en el suelo.	la estación <unk> <unk> contra un <unk>.
<unk> enamorado de tu esposa?	¿estás <unk> con tu peso?
tom tuvo un muy mal día.	tom tuvo un mal día.
ella <unk> el trabajo con facilidad.	ella <unk> el azúcar con la sal.
necesito descansar.	necesito comprar <unk>.
tom y mary <unk> seguir a john.	tom y mary ambos querían ir a boston.
la hice feliz.	le pregunté una palabra.
tom no es tan <unk> como mary.	tom no es tan rápido como mary.
las <unk> son <unk>.	los <unk> <unk> <unk>.
su situación <unk>.	su <unk> dejó escapar.
tom fue mi <unk> al mando.	tom era mi <unk> <unk>.
¿es tu primera <unk> en parís?	¿es ésta tu copia del diccionario tan caro?
yo como queso.	yo amo.
no tienes que hablar.	no tienes que hablar.
<unk> de llorar como una niña!	deja de ser <unk> como un nativo.
yo entiendo tu punto de vista, pero aun así no estoy de acuerdo.	me parece a las, pero no puedo <unk>.
fuimos al museo.	nos <unk> a la película.
me gusta la música <unk>.	me gusta <unk> de mí.
estoy leyendo una carta.	he leído una carta.
quiero volver a escalar el <unk> <unk>.	quiero volar <unk> de una <unk>.
sabes lo que tienes que hacer.	tienes que sabes lo que quieras.
quiero llegar al aeropuerto <unk> a primera hora de la tarde.	quiero <unk> por la última reunión para el <unk>.
busqué mi cuarto.	me he tomado una <unk>.
¡no seas tan <unk>!	¡no te <unk> tanto!
¿quieres ver esto?	¿querés seguir viviendo así?
gracias por el consejo, tomás.	gracias por la deliciosa, tom y mary.
es un problema sin <unk> como lo <unk>.	es un problema grave en todo.
no creo que nadie haya <unk> lo que tom hizo.	no creo que tom lo he visto antes.
¿has hecho trampa en un examen alguna vez?	¿has discutido alguna vez en un plan?
tom es hijo único.	tom es un poco joven.
si te <unk> después de clase, puedo ayudarte con tu <unk>.	si pasas tu ayuda, <unk> la luz forma de ti.
sé que no pasará otra vez.	sé que no volverá a pasar.
tom le pasó la <unk> a mary.	tom le <unk> a mary a la <unk>.
mi padre sí que juega al golf, pero no lo hace bien.	mi padre no ha dejado en la escuela.
<unk> durante la cena.	<unk> lo bien.
él es demasiado mayor para ella.	él es demasiado vieja para levantarse.
lo ayudé a <unk> la calle.	lo <unk> con él <unk>.
¡qué horrible!	¡qué <unk>!
ellos <unk> algún <unk>.	ellos <unk> banderas.
¿qué estabas diciendo?	¿qué estabas haciendo?
le pido <unk> que lo haga con cuidado.	me <unk> que lo <unk> a hacer un.
tom <unk> a mary su mejor amiga.	tom cree que mary por la ayuda de su tierra.
a las <unk> <unk> les encanta comer <unk> mientras <unk> de <unk>.	los <unk> <unk> a las <unk>: 00 a <unk> <unk>.
necesitamos vuestra ayuda.	<unk> tu ayuda.
se puede llegar a la ciudad en auto en menos de 20 minutos desde aquí.	el clima aquí no hace mucho tiempo en clase de cada cinco años.
él se decidió a estudiar de <unk>.	él decidió escribir en boston.
el hombre que conociste en la estación es mi padre.	el hombre que ves allí es el cuarto piso.
a pesar de que pueda ser inteligente, no es <unk>.	él <unk> el <unk> que no <unk>.
<unk> fútbol después de la escuela.	nosotros los exámenes justo después de la mañana.
por favor <unk> las reglas de la escuela.	por favor, <unk> el reporte.
parece que tom disfruta verdaderamente de estar aquí.	tom parece estar de estar aquí a tokio.
tom se hizo <unk> una <unk> para la <unk>.	tom se <unk> un <unk>.
¿eres un <unk> del <unk>?	¿estás teniendo un <unk>?
el accidente <unk> el tráfico.	el <unk> se puso rojo.
esta vez lo haré a mi manera.	haré lo mejor de hacer esto.
<unk> gato vino de <unk> pájaros.	el <unk> me dijo que el colegio estaba fuera.
te doy 5 dólares.	te estaré esperando la cena.
tom ha estado trabajando como <unk> desde que se graduó de la universidad.	tom ha estado muy <unk> desde que se <unk> en su jardín <unk>.
<unk> la ley.	él <unk> la pelota.
¿te gustaría venir?	¿te gustaría venir?
lo <unk> a decir la verdad.	ellos lo <unk> con él al <unk>.
tom se siente mal por mary.	tom se preguntaba por mary.
tom nunca miró de vuelta.	tom nunca llega a.
la cena fue <unk>.	el estaba pasado.
<unk>, la causa de la enfermedad es <unk>.	bajo la <unk> es el peor enemigo de la <unk>.
ella dejó su trabajo el mes pasado.	ella la sola vez al tenis.
este camino es muy <unk> para que <unk> los <unk>.	este espectáculo es demasiado picante para los adolescentes <unk>.
yo puedo estar equivocado.	podría estar <unk>.
tengo que <unk> de <unk> este dinero.	tenemos que <unk> para esta noche.
¿tienes un libro?	¿tienes un libro?
estoy <unk> por la tecnología.	estoy débil por el lunes.
a tom le encanta escuchar música <unk>.	tom se <unk> para <unk> la música.
ella <unk> a <unk>.	ella <unk> por su <unk>.
tom ha hecho un excelente trabajo.	tom ha <unk> un trabajo <unk>.
¿te despidieron de tu último trabajo?	<unk> quién le va a tu esposa?
él adora <unk> a la gente.	él solo podía a <unk> la música.
esa película es para niños.	esa tela es muy grande.
tom come la misma comida día tras día.	tom <unk> el mismo y lo <unk> cuando.
no me gusta nada el béisbol.	no me gusta ninguno.
la libertad no es <unk>.	la <unk> no es <unk>.
¿qué dijo?	¿qué ha dicho?
estaba equivocado.	estaba despedido.
su casa fue <unk> por diez mil dólares.	su muerte fue <unk> por la ciudad tan de <unk>.
nosotros podemos pagar.	podemos <unk>.
se fue a la tienda en bicicleta.	él fue al museo en su apartamento.
tienes un <unk> de <unk> todo.	tienes un mapa de la <unk>.
estoy teniendo problemas para <unk>.	soy alérgico de <unk>.
algunas personas dicen que comer tarde por la noche es malo para la salud.	algunas personas que las chicas <unk> es lo que <unk> la pena <unk>.
ella sabe qué hacer ahora.	ella ahora hacer lo que yo digo.
mis padres son <unk>, pero vinieron a <unk> en el <unk>.	mis padres están <unk> por la que mi <unk> lo <unk>.
mi hermana menor se casó antes de los 20.	mi hermana se <unk> el pelo hasta que ella.
estamos <unk> más <unk>.	estamos <unk> más.
<unk> la <unk> con ambas manos.	<unk> la <unk> en el accidente.
<unk> café?	¿me <unk> café?
será mejor que no te <unk> con ella ahora.	no deberías la hermana ahora.
no quiero ver a tom.	no quiero ver a tom.
mi madre está ocupada preparando la cena.	mi madre está muerta en la cama.
estaré de vuelta en menos de cinco minutos.	<unk> en la cama desde que <unk>.
tom sabe cómo manejar una <unk> <unk>.	tom se puede <unk> un <unk>.
quédate ahí.	tienes allí.
¿hay algo que <unk> hacer?	¿hay algo que pueda hacer?
¿quién habla francés?	¿quién ha ganado?
¿tienes coche?	¿tienes una copia?
<unk> de cenar.	solo nos <unk>.
tom se las <unk> todas a una sola carta.	tom le puso gasolina al nuevo maría.
tom escuchó la alarma.	tom escuchó <unk> la oferta.
ven aquí antes de las siete.	vamos aquí, no tenemos suficiente.
su cara <unk>.	su cara <unk>.
<unk> tiempo.	<unk> italiano.
¿dónde dijiste que <unk> esto?	¿dónde te encontraste esa billetera?
¿por qué no le <unk> su consejo?	¿por qué no le <unk> consejo?
ella nos dio un regalo.	ella nos dio un obsequio.
él ha ido a la biblioteca.	él se ha ido a la cama.
por favor, siéntate.	<unk>, por favor.
no lee más que novelas.	ella no <unk> tanto como <unk>.
ella se suicidó <unk> de un puente.	ella se <unk> el vino a los coches.
anoche llovió mucho.	teníamos dejó un poco lluvia.
yo <unk> ropa por internet.	<unk> ropa por internet.
nosotros <unk> a la casa <unk>.	nos <unk> juntos a la cama.
tom no parece estar muy interesado.	tom no tiene ganas de comer.
hace calor en la habitación.	la habitación está <unk>.
no estoy de acuerdo.	no estoy <unk>.
está claro que te van a <unk> si no <unk> más.	te <unk> más tarde que no <unk>.
lo que a ti te parece simple, a mí me parece <unk>.	¿qué que te <unk> que <unk> mi <unk>.
¿por qué debería ayudarte?	¿por qué debería <unk>?
nueva york es una de las ciudades más grandes del mundo.	una nueva es uno de los lugares más interesantes del mundo.
me <unk> que llueva mañana.	me temo que pueda llover mañana.
tom le preguntó a mary si él podía tomar <unk> su bicicleta.	tom le pidió a mary que le <unk> su padre.
me alegro mucho de <unk>.	me estoy muy <unk>.
les dije que me <unk> otro boleto.	a me <unk> a mí me <unk> de lluvia.
¿me <unk> qué debo hacer <unk>?	¿me <unk> lo que queréis hacer a mi?
tienes que dar cuenta de tu <unk>.	tienes que tu <unk> <unk>.
tom se rió de algunos de los chistes de mary, pero pensó que algunos de ellos no eran muy <unk>.	tom se quedó <unk> el chocolate de mary, pero no pudo <unk>.
¿cómo sabes que pasará eso?	¿cómo sabes que tom no está haciendo?
<unk> en mi habitación.	<unk> mi vida.
nadie le <unk>.	nadie lo <unk>.
fuiste <unk>.	<unk> <unk>.
todavía tengo mis dudas.	todavía me he encontrado contigo.
su discurso me <unk>.	su <unk> me <unk>.
la <unk> <unk> es mía.	el agua es el <unk>.
por favor, <unk> la puerta.	<unk> la puerta y deje.
no pude ir a su fiesta de cumpleaños.	no pude salir de comer a su madre.
solo pregunto.	solo estoy <unk>.
después del desayuno fuimos a <unk>.	para <unk>, durante mucho tiempo antes de que.
tom tiene que volver a boston mañana.	tom tiene que ir a boston.
parece ser que tom ha intentado <unk>.	tom tiene que <unk> son <unk>.
él dice que no se <unk> de fumar.	él no se lo ha dicho que no <unk>.
<unk> a ti mismo.	<unk>.
no puedo estar más de acuerdo.	no puedo sentir de <unk>.
ella esperó a que la <unk>.	ella lo sorprendió al llegar.
¿cómo pueden estar tan <unk>?	¿cómo podés ser tan egoísta?
a él le encanta viajar.	adora los trenes.
no quiero escuchar tus <unk> nunca más.	no quiero ser más parte de tu familia.
tom está confundido.	tom es guapo.
ayúdame a elegir un sombrero que <unk> con mi vestido nuevo.	ayúdame a elegir un <unk> que <unk> con mi nuevo vestido, por favor.
eso <unk> todos los días, ¿no es así?	eso suena día, ¿no es un día?
compré este libro para mí, no para mi esposa.	este libro por este libro, me he tomado la <unk>.
eres demasiado joven para morir.	eres demasiado vieja para mí.
nos quedamos toda la noche hablando.	<unk> toda la noche.
prefiero comer otra cosa.	prefiero comer algo más.
mientras más <unk>, más nos <unk> cuenta de lo poco que sabemos.	cuanto más única es una persona, más <unk> en la más.
te veré cuando vuelva.	te voy a ver si acaso.
he <unk> mi teoría.	<unk> mi <unk>.
nunca volví a hablar con él.	nunca le <unk> a comer más.
¿quién va allí?	¿quién va al bebé?
ese <unk> se <unk> con la pena de muerte.	ese es el computador de <unk>.
la mitad de los estudiantes estaban <unk>.	los estudiantes fueron <unk>.
me <unk> por no llevar puesto el <unk>.	no <unk> un <unk> por <unk>.
voy a dormir en el piso.	estaré en el tejado.
todas las mujeres <unk> que tom era realmente apuesto.	todos los hombres que le <unk> el sushi.
mi inglés no es nada bueno.	mi temperatura es no <unk>.
esa casa me pertenece a mí.	ese ruido me pertenece.
la pequeña <unk> llegó a la vista.	los soldados tenían armas de <unk>.
cuando <unk> manos con alguien, debes <unk> a los ojos.	cuando cuando quiera con frecuencia se te <unk> cuando te <unk>.
debemos obedecer las reglas.	tenemos que <unk> las flores.
ya me siento mucho mejor.	yo he sido mejor en <unk>.
¿qué más puedes hacer?	¿qué puedes hacer más?
se casó a los <unk>.	ella se casó con diecisiete años.
tom se preguntaba lo mismo.	tom se preguntaba la palabra.
<unk> tus <unk>!	<unk> tu!
él no pudo cumplir la promesa que hizo a su padre.	él no podía entender a él acerca de la fuente.
no significa que <unk> de hacerlo.	eso no suena tan difícil que hacer eso.
ella tiene vino.	ella tiene siete.
está claro que es rico.	está claro que es culpable.
había <unk> que <unk> <unk> su <unk>.	había <unk> pasajeros <unk> en el <unk>.
mi amigo <unk> ayudar a mi hijo con sus estudios.	mi madre puso trece <unk> con mi hombro.
tom siguió escribiendo.	tom se marchó.
ella hablaba mientras <unk>.	ella ella <unk> como se.
él solo tenía treinta y seis años.	él estaba <unk> por su viejo.
tom no tiene enemigos.	tom no tiene amigos.
tom tiene que buscar un trabajo.	tom tiene que llamar a un doctor.
supongo que <unk> <unk> con quién estaba anoche.	quiero que me <unk> salir a la tienda justo que me <unk>.
tom todavía vive con su madre.	tom todavía con su pieza.
espera a la policía.	<unk> a la policía.
puedes venir con nosotros.	puedes quedarte con nosotros.
el <unk> de <unk> es <unk>.	la <unk> <unk> está <unk>.
dicen que una mirada vale más que mil palabras.	se <unk> que más importante es una <unk> ya que <unk>.
no está bien intentar <unk> las ideas <unk> a los demás.	no deberías <unk> tu <unk> para <unk>.
no <unk> ver la diferencia.	yo <unk> ver la diferencia.
también hablo francés.	hablo francés e.
una mujer escribió 30 libros sobre cómo ser feliz, y entonces se suicidó.	una mujer se <unk> para ver una lengua y no podía cortar la carne con él.
tom se <unk> en la <unk> de arriba.	tom <unk> en la <unk>.
tom es un chico malo.	tom es un mal cocinero.
ellos <unk> cuando están en peligro.	en general, se lo <unk> como te.
esta copia está llena de errores.	este diccionario es el mejor de colegio.
¿te ha visto alguien?	¿alguien nos vio?
tom, ¿estás dormido?	¿estás aburrido aquí?
de verdad que necesito un <unk> ahora.	realmente me siento la vida.
el <unk> fue <unk> en el aeropuerto.	la <unk> <unk> el primer paso.
tom no es un chico <unk>. de hecho, él trabaja duro.	tom no es un amigo de mary, pero un <unk> de ser <unk>.
tom <unk> su fiesta hasta que maría saliera del hospital.	tom se quitó su casco de mary cuando dejó la escuela.
¿quieren tener hijos?	¿querés esperar?
ellos están <unk> a aprender inglés.	ellos son los que se ponen malos.
<unk> a tom, a pesar de que no fue su culpa.	tom se quedó <unk> no lo que mary fue.
hoy es fiesta.	es un <unk>.
tenemos el problema <unk>.	hemos debatido problema al problema.
a él le gusta mucho el béisbol.	a él le gusta la música country.
mis padres no me <unk> volver a ver a tom.	mi madre no me <unk> a tom que le <unk>.
él se <unk> cuando toca la guitarra.	él se <unk> sobre el paraguas cuando estaba viendo.
se <unk> las clases.	la noche.
yo soy de <unk>.	estoy de acuerdo de la <unk>.
no es una buena persona.	ella es una buena persona.
<unk> acerca del <unk> de tom?	¿has conocido a tom mientras está de <unk>?
quizás tom estaba escondiendo algo.	tom dijo que estuvo una paliza.
hace diez grados bajo cero ahora.	se está muy bajo así.
esta fiesta está <unk>.	esta es la pena visitar.
tom <unk> segundo.	tom <unk> de mí.
fue una gran fiesta.	esa era una gran familia.
soy de <unk>.	estoy de acuerdo de la <unk>.
la niña es chica para su edad.	la chica está abierta por su nombre.
no quiero vivir contigo.	no quiero ir con vos.
mamá nos ha comprado un <unk>.	ella nos <unk> una corbata <unk>.
tienes las manos <unk>.	tienes las manos de <unk>.
¿y tu bebé?	¿dónde está tu madre?
los mejores <unk> son <unk>.	los niños son <unk> de <unk>.
no quiero que se <unk> tom.	no quiero que tom <unk> la ropa.
ella le <unk> a su hermana.	ella le <unk> a su hermana.
¿por qué no viniste ayer? te esperé mucho rato.	¿por qué no viniste tiempo para ti a ti como te hará.
él se <unk> en el suelo.	se <unk> en el <unk> <unk>.
<unk> están buenas.	<unk> son los <unk>.
¿cuál es la comida a la que jamás <unk>?	¿qué tan es más que más alta de que <unk>?
¿cuándo <unk> para boston?	¿cuándo empezaste a boston?
<unk> no sé cómo seré capaz de cumplir con todos los <unk>!	sé que no es mi <unk> <unk> conmigo.
ella pesa mucho más que él.	ella es más joven que él.
¿tienes un <unk>?	¿tienes una <unk> <unk>?
<unk> que no <unk> muy ocupados.	realmente me <unk> para no estudiar.
¿ella te enseñó la foto?	¿ella viste la última <unk>?
esta mesa está <unk> de buen <unk>.	este es el negocio de la educación.
es la última vez que <unk> un regalo.	este es el libro de la cual era difícil.
lo importante es tener tu propio pasatiempo.	lo más importante es tu importante.
todavía no he <unk>.	no he comido chocolate desde que me.
ella habla con <unk>.	ella se marchó <unk>.
tuve que darle una oportunidad.	tuve que ver a un doctor.
¿este bus se <unk> al museo?	¿cuándo va a la escuela en autobús?
lamento haberle <unk> tantos problemas.	lo siento <unk> hasta que estoy en <unk>.
lamento esas <unk> palabras.	perdona la <unk> con la ley.
ella <unk> inglés.	ella estudia inglés.
puse el <unk> en el <unk>.	veo <unk> en el <unk>.
quiero que mis hijos <unk> lo mejor.	quiero que mi <unk> a las dos ciudades.
por favor no <unk> mi <unk>.	por favor, no <unk> mi <unk>.
<unk> el coche por favor.	por favor, préstame tu auto.
<unk> a tom y <unk> lo que <unk> de <unk>.	tom y <unk> qué <unk> todos.
tú pareces un <unk>.	te ves un <unk>.
me fui a la cama más tarde de lo habitual.	me fui a la cama temprano a las nueve.
¿dónde estabas cuando ocurrió la <unk>?	¿dónde te <unk> las gafas de <unk>?
es posible que eso sea cierto.	puede que sea importante.
ayer comí pescado.	comí <unk> de lluvia.
la verdad puede ser más <unk> que la mentira.	el <unk> puede ser más <unk> que la tierra.
agradecería que me <unk> tan pronto como le sea posible.	espero ser un <unk> tan <unk> como yo.
quiero unos zapatos <unk>, no <unk>.	yo quiero <unk> por tom, <unk>.
detesto perder.	odio los domingos.
es un <unk> sin corazón.	él es un cristiano <unk>.
¿qué lugares <unk> visitar?	¿qué libro te gustaría sobre?
vayamos a <unk> una bebida.	<unk> con una sonrisa.
¿es usted japonés?	<unk> sois <unk>?
tengo una <unk> de trabajo mañana a las dos de la tarde.	tengo un trabajo en dos días, por favor.
se nos <unk> el agua.	nos quedamos sin agua.
su casa se <unk> en la colina.	su <unk> quizás me gusta la música.
ella <unk> haber visto al hombre.	ella <unk> que ella ganaría el lago.
tom tiene piernas <unk>.	tom tiene <unk> <unk>.
es sabido que fumar es malo para tu salud.	no es tu que <unk> siempre está haciendo.
deseo que mi sueño se hiciera realidad.	ojalá me <unk> mi sitio web.
los <unk> de tráfico <unk> todos los días.	los <unk> <unk> el día entero.
les vimos irse.	nos vimos a ellos.
no tengo tiempo para eso.	no tengo tiempo para almorzar.
he estado buscando mis llaves todo el día.	he estado buscando el día entero.
no quería creer las cosas que tom dijo acerca de maría ayer.	no quise falta por qué tom no podía usar el plan.
¿cómo se llama?	¿qué está haciendo su nombre?
tomó un <unk> a <unk> del bosque.	él le sacó una <unk> a la reunión.
tom probablemente sabía quién era yo.	tom sabía que estaba demasiado <unk>.
deja libre la tarde del próximo sábado por favor.	por favor, <unk> como la televisión.
ella me <unk> una tarta.	ella me hizo torta.
tom sabe lo que tiene que hacer.	tom sabe qué debería hacer.
soy más rápida que ustedes.	soy más lista que tú.
el escritorio está hecho de madera.	el escritorio de la tormenta es.
ella hizo feliz a su madre.	ella le puso feliz a la mente.
llévate mi coche.	<unk> mi coche.
si me <unk> hablado antes al respecto, yo podría haber estado libre. como sea, mañana tengo planes de volver a casa.	si le pasa mucho después de mí, a mí, a mí, a <unk> la luz antes de que el <unk> me <unk>.
esta y esa son dos <unk> diferentes.	esta caja no tiene dos cosas.
el verano <unk>.	la construcción tiene.
¿no tienes frío?	¿no estabas en el pozo?
¿cómo estuvo el <unk>?	¿cómo la el vino?
le dio una respuesta <unk>.	él me dio una <unk>.
¿quién es tu profesor de francés?	¿quién es tu director de cine?
ambas están bien.	son chicos muy grandes.
<unk> mis ojos y <unk> mi cabeza.	me he tomado mi <unk> y mi <unk>.
tom se sentó junto a mary en el concierto.	tom se sentó junto a mary a la <unk>.
¿con <unk> viven?	¿con quién vives?
¿cuántos años tienen vuestros hijos?	¿que edad tienen tus hermanos?
el <unk> de esquí da <unk>.	<unk> <unk> bien.
la navidad es el <unk> de <unk>.	el <unk> es día <unk>.
yo lo tomé prestado.	lo dudo.
lo siento por ti.	te tengo <unk>.
tom normalmente solo lee los <unk>.	tom normalmente al <unk> sólo la <unk>.
yo no quiero abrir la ventana.	no quiero <unk> la ventana.
ella estaba entre los niños.	ella cuidó al paciente.
los dos somos <unk>.	los estamos estamos.
sus bromas nos <unk> <unk> de risa.	su muerte fue <unk> en la <unk>.
tom estuvo pensando en lo que mary le había contado.	tom apenas podía entender lo que mary intentaba decirle.
sois demasiado jóvenes para morir.	eres demasiado vieja para mí.
¿cuántas preguntas había en el examen?	¿cuántas <unk> murieron en el lugar?
se requiere <unk> que ellos <unk> sus <unk>.	hay una necesidad urgente de <unk> limpia.
si yo fuera tú no iría allí.	no he podido allí si yo pudiera venir.
a tom no le fue bien en el examen.	tom no tuvo el valor de <unk>.
tuve un día realmente duro.	realmente he tomado una carta.
es fácil para ti.	es fácil para ti.
sus amigos están allá dentro.	tus ideas son diferentes en.
tom le dio un beso <unk> a maría.	tom le dio un beso rápido a mary.
escriba un <unk> con <unk> de cuatro <unk>.	<unk> una <unk> de carne con un <unk>.
¿ya encontraste a tom?	¿has hablado ya con tom?
un niño está <unk> el <unk>.	a mi mujer es <unk>.
¿en qué año <unk>?	¿qué <unk> son las <unk>?
debe haber un malentendido entre nosotros.	tienes que estar de las dos y media.
estoy <unk> esa taza.	estoy seguro de que se equivoca.
ojalá hubiera salido de casa cinco minutos antes.	si tuviera suficiente dinero, podría comprar <unk>.
todas ellas entraron.	todos se <unk>.
prefiero ir a la montaña en verano.	preferiría ir al museo en taxi.
tu libro está sobre el escritorio.	tu <unk> es el libro.
soy <unk>.	soy <unk>.
él me golpeó en la cabeza.	me <unk> por sobre la silla.
ya me había tomado un café.	ya he tenido un minuto.
ya no hay un sólo lugar seguro en japón.	no hay nada más que una cerveza fría en un lugar.
aún tenemos algo de dinero.	todavía vimos una vida tranquila.
le di al <unk> todo el dinero que tenía.	yo <unk> el <unk> de dinero que me había <unk>.
hoy hace bueno.	hoy hace bastante calor.
puedo pagar por <unk>.	puedo <unk>.
<unk> absolutamente seguro!	estoy tan listo de!
él murió <unk> en la guerra de <unk>.	murió en el <unk> <unk> herido.
<unk> al mediodía.	nos hemos juntos.
<unk> de nuevo pronto.	<unk> de nuevo pronto.
mi ciudad natal es muy bonita.	mi pieza es muy <unk>.
usted es buena.	eres bastante bueno.
no os conozco.	no sé.
estudia inglés todos los días.	a todos los dos días excepto el día.
yo <unk> tres <unk> ayer.	ayer jugamos <unk> ayer.
¿sabes <unk> en <unk>?	¿puedes dejar en <unk>?
hace demasiado calor.	es demasiado vieja para mí.
¿crees que tom <unk> éxito?	¿crees que tom no <unk> a la cama.
pensé que tom vendría a <unk>.	pensé que tom me ibas a mí.
<unk> las sobras al perro.	<unk> la pistola sobre la mesa.
el profesor <unk> al muchacho por su <unk>.	el profesor <unk> los <unk> <unk> por su nombre.
¿sabes cómo funciona esta máquina?	¿sabes a qué distancia está mi pasaporte?
los niños <unk> el <unk> y el guardia los <unk>.	los niños <unk> a las <unk>: 00 a las 10: 00.
él llegó a la estación a las cinco.	él llegó a la estación.
yo era demasiado rápido.	estuve demasiado vieja.
estaba <unk> por escapar.	él fue <unk> a <unk>.
<unk> usted su idea con más <unk>.	<unk> tu propuesta es más bonito.
tom piensa que la respuesta es sí.	tom es la única persona de la verdad.
su aliento huele a queso de cabra.	como el <unk> quizás <unk> como <unk>.
sus <unk> se <unk> al oír el <unk>.	su <unk> <unk> <unk> que fueron a los <unk>.
japón importa varias <unk> <unk> desde el extranjero.	japón <unk> <unk> la voz de <unk>.
yo me <unk> aquí hasta que él <unk>.	me <unk> después de que <unk>.
¿puedes dejar esto conmigo por un rato?	¿me puedes llevar a un médico por favor?
estoy seguro de que tom <unk> <unk> a mary de ir a boston con él.	estoy seguro de que tom se va a salir a lo que le haya pasado a ser verdad.
la gente le <unk> a la guerra.	la gente tiene miedo de la guerra.
tom quedó sorprendido de que mary se <unk> tanto.	tom estaba sorprendido de que mary no hubiera escuchado nunca <unk>.
la compañía tiene un capital de un millón de dólares.	el <unk> tiene un profundo de sangre.
tienes que estar bromeando.	¡tienes que estar de <unk>!
a los <unk> les gusta viajar en grupo.	a la larga <unk> no le gusta el fondo.
tom <unk> a su madre para que le <unk> el coche durante el fin de semana.	tom <unk> la fecha de la gente a <unk> el préstamo.
tom no se <unk> nunca.	tom nunca <unk>.
él es un <unk> muy <unk>.	él es un <unk> <unk>.
su nombre, por favor.	por favor, escriba su nombre.
aquí es donde él se suicidó.	esta es la chica que vino ayer.
tiene usted que <unk> esos <unk>.	tienes que <unk> <unk>.
los <unk> <unk> siempre mirando hacia la <unk>.	los <unk> <unk> <unk> las dos ciudades.
quiero ir a francia.	quiero ir a australia.
nuestro <unk> se <unk>.	nuestra <unk> es nuestra <unk>.
¿cuánto <unk> él?	¿qué hay con él?
¿cuántos <unk> tienes en tu <unk>?	¿cuántas <unk> tiene <unk> <unk>?
la música de <unk> es bella.	la vida es <unk> de <unk>.
por favor habla más alto para que todo el mundo pueda oírte.	tan <unk>, puedes y puede <unk>.
ellos siempre estaban bromeando.	siempre hablan de <unk>.
el <unk> para la tos sabe a <unk>.	el <unk> <unk> <unk> la voz.
esto es un <unk>.	esto es un <unk>.
no pasó mucho antes que nos <unk> <unk> otra vez.	no fue por nada a hacer el mejor de comer.
tengo que <unk>.	tengo que seguir.
pensé que eras mi mejor amigo.	pensé que habías dicho mi amigo.
¿cuánto tiempo te <unk> pintar mi casa?	¿cuánto se <unk> a mi casa?
pronto <unk>.	su día será siete.
es cruel.	sos ingenuo.
¿no le <unk> una carta?	¿no tienes una forma de hablar?
era lo suficientemente <unk>.	fue ayer lo suficiente.
<unk> la radio, por favor.	por favor, <unk> la televisión.
deja que te dé mi tarjeta de <unk>.	déjame presentarte a mi <unk> de <unk>.
algunos de ellos son <unk>, y algunos son <unk>.	algunos perros son pequeños de las <unk> y se le.
estoy cansado y quiero irme a casa.	estoy cansado de ir a casa a bañarme.
tom <unk> que lo que hizo estuvo mal.	tom dijo que lo <unk> hecho estaba pasado.
la sangre era de un rojo <unk>.	la estaba estaba vacía.
te di un libro.	te daré un libro.
mi tía <unk> de buena salud durante toda su vida.	mi abuelo se <unk>, mi hija se <unk> la cabeza.
su manera de hablar me <unk>.	su <unk> me <unk> de <unk>.
con tus <unk>, deberías ser capaz de encontrar un trabajo para tom.	para un <unk>, sería difícil a hacer con un acuerdo.
es la mejor forma de resolver el problema.	es el mejor modo de la manera.
tom le dijo a mary que se iba a <unk>, pero que no tuvo el <unk> para hacerlo.	tom dijo a mary que no le <unk> el <unk> que recibió que <unk>.
sabía que te gustaría.	supongo que me gusta decirle.
ha vivido aquí toda su vida.	ha vivido aquí hace una vez.
nos vemos la próxima semana, tom.	ya te estás en la sala, tom.
¿qué tienes en el menú hoy?	¿qué tenés en la hoy?
<unk> <unk> sin el aire.	sin aire morimos.
¿puede darme algunas de <unk>?	¿puede darme una de <unk>?
no me hagas sentir mal por hacer lo que hice.	no me puedo permitir más de lo que debería hacer.
las <unk> no se <unk> y tuve que entrar por el <unk>.	los <unk> usualmente no <unk> cuando la gente <unk> en su <unk>.
te veré mañana en el desayuno.	te veré mañana en la mañana.
no estés tan <unk>.	no te <unk> tanto.
el próximo mes hará diez años que vivo aquí.	después tres años desde el tren con ella.
ayer la pasé verdaderamente bien.	ayer me una buena idea.
aquí estarás seguro.	te estaré esperando.
se fue después de que <unk>.	se fue después del almuerzo.
no hay absolutamente ninguna manera en que yo vaya de viaje solo.	por eso no tener algo que hacer en un sitio web.
él es un <unk>.	él es <unk>.
también es una <unk>.	ella no tiene una <unk>.
la <unk> es una <unk>.	<unk> es un <unk>.
en cuanto llegue, <unk>.	deja que me hagas quedar como sea.
gracias por preocuparte de mí.	gracias por <unk> su posición.
deme una taza de té, por favor.	por favor, <unk> un poco de té.
él vive ahí solo.	él estaba allí ahí.
mi esposa <unk> dinero como si yo fuera el hombre más rico en la ciudad.	mi abuelo murió en <unk> por el <unk> hasta el auto en <unk>.
¿qué pasa conmigo?	¿qué me hace?
¿cuándo quieres que esté de vuelta aquí?	¿cuándo <unk> aquí?
alguien entró en la habitación.	alguien tiene el lago.
veamos cómo <unk> tom a eso.	veamos a tom le acerca de <unk>.
me agrada tom.	me gusta tom.
demasiado está en riesgo.	demasiado lejos es para ti.
déjame ver esa lista.	a ver que le gusta eso.
ya no somos niños.	no estamos ningún mentiroso.
nunca <unk> construir una casa en esta área.	nunca pensé que <unk> viviendo en este campo.
<unk> la pregunta.	cierra el <unk>.
realmente pensé que <unk>.	pensé que <unk> a volver a todas formas.
estoy estudiando música.	estoy estudiando <unk>.
yo he escrito este libro.	este libro este libro.
había una multitud en el parque.	había un gran agujero en la habitación.
me pregunto si estará en casa.	me pregunto si podemos a casa.
lo siento de verdad.	estoy realmente de buena.
el tiempo va <unk> a <unk> que <unk> el día.	el partido fue aplazado hasta mucho más al menos.
parece que él no sabe acerca de mi <unk> con mi padre.	parece que él no sabe acerca de mi <unk> con mi padre.
iré a francia a estudiar pintura.	voy a hablar con estudiar.
tomé un taxi porque el bus <unk> atrasado.	<unk> una pequeña siesta de <unk> el año.
tom no tiene nada que ver con esto.	tom no tiene nada que hacer con mary.
no <unk> su broma.	no le vi a su madre.
gracias por tu <unk>.	gracias por <unk> su posición.
por favor, <unk> en <unk>. estoy ocupada.	si me <unk> mutuamente, por favor.
me levanté más pronto de lo normal para coger el primer tren.	me <unk> antes de lo que iba a ocurrir en la cama.
ahora me <unk> a mí.	<unk>.
tom dice que oyó a mary y john <unk>.	tom dice que tom y mary <unk> <unk>.
tomás se rió en mi cara.	tom se quedó en mi cuarto.
para más información, <unk> nuestro sitio.	si más vale la pena que se merece.
déjame probar.	déjame un montón de papel.
pensé que habías dicho que te gustaba probar cosas nuevas.	pensé que te <unk> a tom nunca sucedería.
es tu <unk>.	es imposible.
la estás <unk>.	estás <unk>.
creo que volveré el lunes de la semana próxima.	me <unk> estar <unk> del lunes.
¡qué buen <unk>!	¡qué agradable día!
<unk> tu leche.	<unk> tu precio.
tom le sacó punta a un lápiz.	tom <unk> un dilema.
esa información, <unk>, es correcta.	la lluvia <unk> es el año pasado.
no soy tan rico como era.	no soy tan cansado como yo.
dile que estoy nadando.	dile que estoy <unk>.
<unk> tu aliento.	no vale la pena hablar.
tienes suerte de que no te <unk>.	usted no estás <unk> a ti.
lo aprendí hace mucho tiempo.	aprendí que una vez se me hace.
estos guantes <unk> <unk> sus manos.	estas <unk> de estos jóvenes.
<unk> qué <unk> ahora?	así, ¿qué tan ocupados más hacer?
no te <unk> tanto por eso, la vida tiene sus <unk>.	no <unk> por la <unk> más <unk> por <unk>.
la madre cortó la torta en ocho <unk>.	la <unk> se quedó en el centro <unk>.
estoy <unk>.	estoy a punto de la medianoche.
tom le arrojó la <unk> a mary.	tom dejó caer la pelota.
todavía nadie lo sabe.	eso <unk> siendo un misterio.
<unk> es la capital de <unk>.	<unk> es la capital de <unk>.
es imposible que el pájaro <unk> de la trampa.	es imposible de <unk> el asunto con la <unk>.
he escrito todos los <unk> hasta el treinta y uno.	he <unk> el <unk> con <unk> en la <unk>.
¿cuál es tu equipo de béisbol favorito?	¿cuál es tu video favorito en youtube?
la policía espera que la gente siga la ley.	la policía buscó por todas las personas <unk> la guerra.
los exámenes <unk> justo después de las vacaciones de verano.	los <unk> son <unk> en la ducha.
¿está <unk> herido?	¿estás teniendo algún <unk>?
él puede con la tarea.	él es diferente de <unk>.
tom <unk> una <unk> de nieve.	tom <unk> un dilema.
disculpe la <unk>.	estoy tarde.
no me vuelvas a llamar.	no me <unk> de mí.
tom le dijo a mary que no fuera.	tom le dijo a mary que no <unk>.
ella le hizo feliz.	ella lo hizo rico.
te estábamos buscando.	nos vemos.
mary está <unk>.	mary es <unk>.
nos <unk> si <unk> cuándo <unk> la película.	ellos nos preguntó si fuera a caer el <unk>.
ese vestido se ve <unk> en ti.	esa tipo de eso <unk> <unk>.
roma no fue <unk> en un día.	papá no era el día de vivir.
algunos hombres se <unk> las piernas.	algunas personas <unk> el <unk> de las clases.
tom es un amigo mío.	tom es un amigo de mary.
no sé por qué me <unk> en venir aquí.	no sé por qué me estoy <unk>.
sé que estás preocupada por tom.	sé que están preocupados por tom.
<unk> esto.	<unk> esto.
<unk> a todos en voz alta.	él <unk> <unk>.
no tengo ganas de estudiar inglés hoy.	no tengo ganas de comer comida china.
ya te encontré.	te lo <unk>.
esta foto no es suya. es nuestra.	esta carta no es muy <unk> ya no <unk>.
hemos estado ahí antes.	había alguien allí.
no podemos dejar que nos <unk>.	no podemos <unk> que <unk>.
el <unk> le disparó a un <unk>.	el <unk> <unk> un <unk>.
tom nunca dijo una palabra.	tom nunca dijo una palabra.
los <unk> se <unk> para <unk> el problema.	el <unk> <unk> al problema de la luz.
el escritorio está cubierto de polvo.	la montaña está cubierta de nieve.
juego con él.	yo con él.
<unk> para los niños, este libro a menudo lo <unk> <unk>.	<unk> a los niños es una <unk> de las estudiantes.
todavía no ha <unk> la <unk>.	el <unk> no ha <unk>.
el autobús <unk>.	el <unk> se puso a la cama.
me estoy <unk> a este clima.	estoy acostumbrado a este asunto.
tom dejó claro que quería que mary hiciera el trabajo ella sola.	tom fingía que mary que no supiera que <unk> el trabajo con mary.
él <unk> a su hijo a estudiar más.	él <unk> la música country en su casa.
por favor, <unk> <unk>.	por favor, <unk> las <unk>.
¿acaso no sabes eso?	¿no sabes eso?
yo no <unk> a tom.	no voy a <unk> a tom.
no soy esa clase de tipo.	no estoy seguro de eso.
se <unk>.	eso es increíble.
esta costumbre comenzó durante el <unk> <unk>.	este <unk> <unk> ante el <unk> del mundo.
no sé que podemos hacer.	no sé lo que haremos.
voy a la escuela <unk> en bicicleta.	me <unk> los pies para no.
mucho de lo que <unk> había oído acerca del <unk> <unk> era cierto.	muchas <unk> de <unk> los hombres <unk> como la <unk> de las personas se <unk>.
tres de mis hijos murieron.	mis amigos están tres veces.
¿estás diciendo que soy un mentiroso?	¿estás <unk> que no <unk>?
falta el punto al final de la <unk>.	el <unk> <unk> la puerta <unk> con la mesa.
déjame arreglarlo.	lo preguntaré de otro modo.
solo necesito saber quién es tom.	sólo necesito saber quién es tom.
los <unk> <unk> un juramento de no <unk> a nadie.	los doctores hacen un juramento de no herir a nadie.
tom es <unk>.	tom es <unk>.
su respuesta fue <unk>.	su <unk> fue <unk>.
el juego se <unk> por la lluvia.	fue el <unk> de <unk>.
él <unk> dentro de un mes.	él fuma veinte a un niño.
ellos se ven felices.	ellos frecuentemente se <unk>.
quiero <unk> a tom.	quiero proteger a tom.
ella tiene que <unk> a su familia acerca de su novio.	ella tiene ella a su perro para saber la verdad.
te <unk> un <unk>.	te voy a <unk>.
charla con tus amigos.	<unk> con sus amigos.
el chico que está parado por allá es mi hijo.	el perro de comer mientras <unk> es mi tío.
tu perro todavía me está <unk>.	tu perro es que me <unk>.
tom se <unk> de <unk>.	tom se <unk> de sacerdote.
me gustaría que <unk> a tom ir con nosotros.	desearía que <unk> ir a tom con nosotros.
tom y mary estaban hablando en francés cuando john entró a la habitación.	tom y mary estaban <unk> en el tiempo cuando <unk> en la caja.
amaba boston.	me <unk> a boston.
no debes hablar mal a <unk> de los demás.	no deberías dejar de <unk> con los demás de <unk>.
¿adónde vas a ir en tus vacaciones?	¿adónde vas a ir a boston?
él lloró y lloró.	él y a otros.
ni siquiera sé qué es eso.	ni siquiera sé qué está haciendo mary.
siempre está ocupado.	siempre es siempre.
no sé por qué me <unk> a mí.	no sé por qué me odia.
parece que no hay ninguna necesidad de ir.	parece que ir a ir al cine.
tom y mary son los dos <unk>.	tom y mary son los dos <unk>.
¿no querés darme un <unk>?	¿no querés que <unk> un descuento?
él <unk> el <unk> de <unk>.	él <unk> un <unk> de <unk>.
puede que tenga que ayudar a tom.	yo debería haber dicho a tom.
si yo fuera tú, no habría hecho eso.	no he podido que yo podría dicho algo.
