él es su único hijo.	él es su única oportunidad.
toma algo.	algunos de algo.
<unk> la luz.	cierra la luz.
sus zapatos están <unk>.	tus zapatos son <unk>.
le tiene miedo a los gatos.	él está a cargo de sus amigos.
me <unk> allí un par de días.	voy a comprar una hora de días.
<unk> a menudo pensaba en el futuro.	los <unk> a menudo son las reglas.
me gusta esa universidad, pero está demasiado cerca de casa.	me gusta más de eso, pero es demasiado tuya para mi familia.
todos <unk> <unk>.	todos se <unk> de manera.
aquella chica se parece a maría.	esa niña se ve a mary.
al final del discurso, ella <unk> la palabra.	al <unk> el uso del final, por favor.
se <unk> por la <unk> de su amigo.	ellos <unk> frutas con las <unk> <unk>.
tom está <unk> lo que dijo.	tom es lo que él dijo.
solía haber un puente aquí.	solía estar aquí a ser un buen.
no hemos sabido de ella desde entonces.	no he oído de ella desde entonces.
no me acuerdo dónde puse mi llave.	no recuerdo mis llaves de mi camino.
ya no deseo <unk> parte de este proyecto.	no tuve una oportunidad de ser más cuidado este proyecto.
pienso que esto es realmente <unk>.	creo que realmente es realmente.
los doctores llevaban <unk> <unk> en la nariz y la boca.	los estados unidos <unk> a nuestra clase, <unk> a <unk> y <unk>.
tom echó algo de leche en el vaso y se lo <unk> a mary.	tom <unk> en el tren y pasó la leche a mary.
él se <unk> de ella después de años de <unk>.	él <unk> sus hijos.
llame usted a un guardia.	<unk> un nuevo.
no te voy a dar mi número de teléfono.	no voy a verte mi pasaporte.
solo continúa.	bienvenido de nuevo.
probablemente es la enfermedad que <unk> <unk>.	es <unk> que <unk>, pero finalmente es la mejor.
tom aún no puede sacar a mary de su cabeza.	tom todavía no puede <unk> a su muerte.
esta <unk> es para el té.	este <unk> es casi durante más.
¿tienes <unk> de <unk>?	¿tienes un menú de papel?
ya veo que esto se te da bien.	puedo ver esto durante mucho.
comí tres <unk> de torta.	comí poco de café.
ella se fue con él al <unk>.	ella fue a la intención con él.
le <unk> <unk> <unk>.	fuiste demasiado en el sitio de <unk>.
ellos me <unk> a <unk>.	<unk> como para mí.
este lugar me da <unk>.	este reloj <unk> en el <unk>.
hago <unk> dos horas por día.	me gustaría tomar una ducha dos días.
puede que no sea suficiente.	este olor no puede ser verdad.
bajo ninguna <unk> debes <unk> la habitación.	ningún cosas que tú no tienes la habitación.
prefiero la <unk> a la <unk>.	prefiero <unk> a cantidad.
¿sabes dónde será la reunión de mañana?	¿sabes donde voy a <unk> este examen?
no fue sino hasta que me <unk> del colegio que me di cuenta de la importancia de estudiar.	estaba el presentimiento de que no podía dormir.
en seguida <unk> a <unk> el proyecto.	ellos proveyeron de las <unk> de buena.
¿por qué no tengo novio?	¿por qué no tengo novio?
tu inglés es perfecto.	tu inglés es <unk>.
¿cómo estuvo su cumpleaños?	¿cómo estuvo tu cumpleaños?
no crees esa historia, ¿o si?	¿tú no viniste a pagar esa palabra?
pensé que tom estaba de vacaciones.	pensé que tom estaba en peligro.
será mejor que te vayas ya a la cama.	ahora me voy a ir a la cama.
es la voz de una vieja.	es la voz de una anciana.
la misión fue un <unk>.	la lluvia <unk>.
te amo tal como sos.	ni siquiera te pongas a mí.
no me importa, con tal de que seas feliz.	no me puedo permitir leyendo tanto como.
todavía estás <unk> ¿verdad?	sois alemanes no estás, ¿verdad?
no olvides que tenemos deberes.	no te preocupes por eso.
no <unk> el sentido de todo esto.	no aguanto este asunto acerca de este proyecto.
¿tom está herido?	¿está <unk>?
<unk> como un <unk>?	¿te gusta un <unk>?
soy <unk>.	estoy libre.
creía que tom era canadiense.	pensé que tom estaba acá.
ella se <unk> en su trabajo.	ella <unk> su pañuelo.
mira quien está despierto.	quién es suyo.
¿dónde nos <unk> el autobús?	¿dónde están todos los días?
vi a alguien.	vi a los ojos.
este trabajo es lo suficientemente simple para que lo haga un niño.	esta noche es tan alto como para hacer una semana.
quiero que tú vayas.	quiero que vayas.
los zapatos están <unk>.	los zapatos son de cuero.
<unk> a hacer esto hace cuatro años.	cada fin <unk> este <unk> hace tres años.
¿cómo de profundo es el lago?	¿de qué velocidad <unk> el pájaro?
<unk>.	<unk>.
no sé de ella desde entonces.	no he oído de ella desde entonces.
yo comprendo tu lengua.	no digas <unk>.
eres incapaz de hacer eso.	es imposible que lo mismo.
¿alguien le conoce?	¿alguien lo conoce?
está realmente enfadado.	él es muy malo.
necesito <unk> todo lo que pueda.	yo necesito todos los que se <unk> de mí.
¿alguna vez te has <unk> en una <unk> de <unk>?	<unk> has jugado puesto una vez en tu <unk>?
este libro merece atención.	este libro es completamente libro.
haría cualquier cosa por ustedes.	haría cualquier cosa por usted.
yo los podría matar.	yo podría <unk>.
todavía tenemos que encontrar a tomás.	tenemos que encontrar a tom.
lo <unk> en falta.	yo debo.
ella pocas veces sale.	ella finalmente <unk>.
<unk> si no vas a llegar a tiempo.	dime que no te moleste que, ya no estarás.
<unk> encontrar el libro?	¿fuiste usar el libro?
ha pasado más de un año desde que tom <unk> boston.	ha pasado mucho desde que tom fue a boston.
¿quién no estaba aquí?	¿quién no pudo beber?
la noche aún es joven.	la noche todavía es diez.
en la oficina ha habido mucha <unk> esta mañana.	hay un <unk> de esta cámara con la suya.
tengo un libro en la mano.	tengo un libro en tu mano.
tom no podía decidir cuándo comenzar.	tom no podía ver qué <unk>.
me pregunto si tom me <unk> francés.	me pregunto que tom <unk> <unk> antes de francés.
no tengo nada que ver con sus problemas.	no tengo ganas de comer con ella.
le veré en boston.	te veré en boston.
tom le pasó a mary el <unk>.	tom le pidió el <unk> con mary.
no tuvimos nada de ayuda de tom.	no tuvimos ayudar a tom.
tenemos cinco dedos en cada mano.	tenemos cinco <unk> de hambre.
ya he <unk> tu número de teléfono.	ya casi he terminado tu teléfono.
se <unk> al ver el <unk>.	los soldados tenían al norte de la plaza.
está muy <unk>.	es muy <unk>.
yo estaba escribiendo una carta cuando él llegó.	me <unk> una gran nueva.
se va al extranjero dentro de <unk> meses.	ella está a verlo mientras <unk> en japón.
hay un control <unk> <unk> del sofá.	hay un poquito de vida en el béisbol.
el diez de julio, el <unk> fue <unk>.	en <unk> a los <unk>, fueron la <unk>.
podemos ir.	puede ir.
todos aman a los <unk>.	todos los <unk> todos a los <unk>.
sea cual sea tu <unk> y lo feliz que seas en ella, habrá <unk> en los que <unk> haber <unk> otra carrera.	ya no pareces feliz al <unk>, llueva o <unk> un poco, por favor que <unk> a otros después de la <unk>.
vuestra hija ya no es una niña.	tu familia no es muy chica para el trabajo.
eso no es asunto nuestro.	eso no tiene sabemos.
está deprimido.	él es puntual.
tom trató de <unk> a mary a jugar <unk>.	tom trató de alcanzar a mary para que <unk> mary.
estoy <unk>.	estoy <unk>.
dos ladrones entraron en una tienda.	dos habitaciones <unk> en una semana.
ella se casó con un <unk>.	ella tiene una hermana.
este es un buen sushi.	esto es buen buen.
tengo que resolver muchos problemas.	tengo muchos amigos para dormir.
cierra la puerta.	cierra la puerta.
el clima es <unk> y <unk>.	el clima es muy <unk> y <unk>.
ella siempre está ocupada.	ella siempre está ocupada.
tengo que <unk> un regalo que te va a <unk>.	tengo un paseo de ti te vayas.
te veré el mes que viene.	te veré el próximo mes.
esa es una pregunta muy difícil.	eso es una enorme pregunta.
me sentí bastante <unk>.	yo sentí <unk> a otro <unk>.
¿es importante?	¿está importante eso?
¿le gusta san <unk>?	¿de verdad te <unk>?
tom va a poder venir a nuestra fiesta mañana.	tom es capaz de andar con nuestra fiesta.
tom siempre parece estar <unk> en algo.	tom siempre comprueba la <unk> de algo que <unk>.
esta es una <unk> <unk>. no cuesta nada.	esto es una persona importante no <unk>.
ellos <unk> dinero de él.	ellos <unk> de él lo <unk>.
no te culpo por el accidente. no fue culpa tuya.	no suelo decirte por qué no conozcas.
los <unk> <unk> todo el tiempo.	sus otras tiempo <unk> todo.
estoy <unk> a ello ahora.	estoy solo por ahora.
hay a <unk> les gusta el béisbol, y a <unk> les gusta el fútbol.	a menudo gente <unk> como los <unk>.
quisiera pasar algunos días con tom.	quisiera estar unos minutos a solas con tom.
<unk> enseguida.	<unk> en seguida.
ella me <unk> al <unk>.	ella me hizo <unk> a <unk>.
¿qué hay que hacer?	¿qué habrá en japón?
tom ha estado trabajando en este informe desde esta mañana.	tom ha estado poco sobre esto esté comiendo.
ella se <unk> en cantante.	ella se hizo sola.
él no lo volvió a decir.	él nunca lo que quería.
¿qué te hizo cambiar de idea?	¿qué te parece qué hora de tu nuevo?
tom no tenía idea de por qué mary se fue temprano.	tom no tuvo por qué mary supiera ayudar.
una <unk> de <unk> <unk> al <unk>.	<unk> una cantidad de <unk> más pequeña.
tom se cree <unk>.	tom cree que él es capaz.
yo <unk> un <unk> en mi jardín.	yo he <unk> un <unk> en mi jardín.
tom no tiene un <unk> <unk>.	tom no tiene una hijos con las <unk>.
tom quería a mary.	tom quería muerta a mary.
<unk> que tenés suerte?	¿no te pongas a conducir?
¿con qué les <unk>?	¿qué te parece qué piensas?
<unk> él llegará tarde a la escuela.	es como llegar al colegio.
tráeme una toalla <unk>.	tráeme un poco de ayuda.
es su <unk>.	eso le <unk> a él.
quiero que se <unk> aquí.	quiero que no te pongas a esta pregunta.
no vino nadie.	nadie vino a mí.
por extraño que <unk>, ella de repente <unk>.	a decir lo que pase, ella se ve feliz.
ellos empezaron a <unk>.	se puso.
a cada uno de nosotros se nos dio <unk> dólares.	cada uno de los lugares final antes de <unk>.
deberíamos haberle contado la verdad.	tenemos que lo <unk> al problema.
me acuerdo de <unk> visto el año pasado.	te dije que fuera <unk>.
lo que se habla es más importante que cómo se habla.	si es así, tanto mejor que te dicen a la mente.
tom fue a la playa la semana pasada.	tom fue al semana por la semana.
<unk> cinco minutos más.	<unk> por cinco minutos.
nunca he <unk> en avión.	nunca he oído en una <unk>.
la madre <unk> <unk> esa ayuda <unk> para ayudar a la gente pobre de la india y de todo el mundo.	anoche, tom <unk> el tren y no podía dormir en el mejor mundo.
¿has <unk> en una prueba alguna vez?	¿alguna vez has estado en un pozo?
¿de quién es este vino?	<unk> es aquella persona?
sabía que <unk> a tom.	yo dije que te vi tom.
<unk> la pregunta.	<unk> al pregunta.
no pensé que era tan malo.	no pensé que tom podría ser mal.
¿por qué estás tan seguro?	¿por qué está tan tristes?
¿qué te dio tom en tu cumpleaños?	¿qué te hiciste por tu cumpleaños?
¿puede alguno de éstos ser real?	¿puede alguno de éstos ser verdad?
cogió un taxi para ir al hospital.	ella almuerza al hospital.
debería ir a casa y dormir un poco.	debería a casa y debería salir.
el piloto <unk> el avión sin problemas.	el piloto <unk> de <unk> <unk>.
el dinero es la <unk> de todos los <unk>.	el dinero es <unk> por el <unk>.
ayer cogí el <unk>.	yo <unk> la <unk>.
¿en qué idioma se habla en los estados unidos?	¿qué lengua se habla en los estados unidos de américa?
deberíamos hacerlo todos los lunes.	deberíamos hacer este rato al lunes.
<unk> sentí un <unk> dolor en mi estómago.	al otoño me gusta mucho en mi jardín.
le aconsejó que <unk> el dinero.	ella le dio a la parte.
debo <unk> tu promesa.	debería <unk> de tu opinión.
eres una mujer.	eres una mujer.
tengo que <unk> un coche.	tengo que reservar en un coche.
¿por qué siempre <unk> tarde al colegio?	¿por qué siempre va demasiado tarde para pedir?
<unk> tom a beber a menudo con mary?	¿qué le gusta ir a mary?
ya había más de veinte personas <unk> allí.	había alguien más ahí mismo vida.
¿no te gustaría tomar otro vaso de leche?	¿cuál tienen una leche de leche en tu pasatiempo?
<unk> todos ellos estén <unk> ahora.	ellos pueden <unk> todas las manzanas.
¿qué es lo que verdaderamente te encanta hacer?	¿qué quieren que hiciera?
ella fue <unk> por su abuelo.	ella fue <unk> por su hijos.
el niño está <unk>.	el niño se está <unk>.
acabé <unk> disculpas.	me <unk> los <unk>.
puede que su historia sea cierta.	su historia suena siendo reparado.
tom fue <unk>.	tom estaba <unk>.
él estaba profundamente dormido.	se me hizo realidad.
un estudiante de <unk> media hizo este <unk>.	el colegio fue muy <unk> a menudo.
iré siempre y cuando los demás <unk>.	voy a <unk> a la reunión.
no tenemos un perro.	no tenemos un perro.
ella se quedó dormida con el <unk> puesto.	ella se casó con sus <unk>.
me gusta el <unk> corto.	me gustan los perros.
fue <unk> ver lo rápido que <unk> el niño.	se fue a hacer dos veces por <unk>.
esta es una <unk> <unk>.	esto es un <unk>.
después de comer, siempre me da sueño.	después de hacer un <unk>, volvió al lado de ellos.
<unk> a la chica a su casa.	la vi.
tendrás que pagar.	tú <unk> sobre.
¿crees que tom <unk> hacer eso?	<unk> que tom <unk> hacer eso?
no os esperaba tan pronto.	no pude conseguir que tan solo pudiera decir.
¿cuál es tu <unk> favorito de <unk>?	¿cuál es tu pasatiempo favorito?
¿cuál es la <unk> del cámara de allí?	¿cuál es el <unk> de japón <unk>?
john fue a la tienda.	el vino fue a la tienda.
tomé de la mano a mi <unk> cuando <unk> la calle.	<unk> mi linterna a las siete de la policía, por favor pídele que entre a los estudiantes.
su casa es grande.	tu casa es grande.
<unk> un <unk>.	te gusta un <unk>.
tom y mary <unk> a john.	tom y mary están de john.
hablando <unk>, él no es de <unk>.	<unk>, él es un <unk>.
me <unk> cuando sonó el teléfono.	yo <unk> el teléfono.
no creo que eso sea posible.	no creo que eso es posible.
tengo algo de <unk> de <unk> para la <unk>.	tuve un cable <unk> para <unk>.
sé cómo resolver el problema.	sé cómo se llevar el problema.
esta manzana sabe <unk>.	esto no vino a <unk>.
tenemos algo en común.	tú y yo tenemos algo en común.
¿le ha dicho a usted algo <unk>?	¿con quién te <unk>?
me encanta el helado.	me encanta la historia de francia.
no me creo lo que dice tom.	no creo que lo que dice tom.
¿quién te ayudó?	¿quién te quedarás?
mi padre va a <unk> mañana alguna comida deliciosa.	mi padre va a hacer, me gustaría medicina a mi asiento.
tom <unk> algo de dinero del banco.	tom se cortó el dinero <unk> el dinero.
tom no tuvo ninguna oportunidad de hablar con mary.	tom no tiene hablar con mary para un dolor de mary.
esta canción es muy popular en japón.	esta canción está muy cuidadoso en un misterio.
quedó a cargo del negocio de su padre.	se lo llevó su propio, ella.
¿cómo puedes estar tan <unk>?	¿cómo podés ser tan egoísta?
mi padre estuvo durmiendo durante la película.	mi padre ha dejado de fumar.
está en la oficina.	él está en la oficina.
tom está escuchando.	tom está de guardia.
tom va a ir al <unk>.	tom se va a la <unk>.
aún cuando la propuesta parecía ser una buena idea, ellos la <unk>.	<unk> el precio de las <unk>, se lo <unk> a la mente.
supongo que ahora realmente estoy en problemas.	supongo que me he dicho ahora en casi.
<unk> aquí.	dejá de aquí.
tom escribió un libro sobre pájaros.	tom se sentía un poco de nuevo.
este vino está hecho de <unk>.	este vino es muy <unk>.
¿es un pedido o una orden?	¿es un regalo que 10 un misterio?
nos <unk> el uno al otro en la estación.	nos conocemos en el estación.
mira, sé que estás ocupado.	mira, si estás haciendo la semana.
deberías <unk> tu <unk>.	deberías <unk> tu tarea.
hace mucho calor.	es demasiado <unk>.
tom quería que te <unk> algo.	tom quería algo que te diga algo.
no es mío.	no es verdad.
ella empezó a <unk> al perro.	ella intentó hablar con la estación.
me quiero ir.	quiero irme.
te voy a extrañar.	te veré.
tom le preguntó a mary dónde vivía john.	tom le preguntó a mary en papá.
parece que va a nevar.	parece que va a llover.
estamos entre amigos.	se nos <unk>.
probablemente tom <unk>.	tom estaba <unk> solo.
¿qué te gustaría hacer en el futuro?	¿qué te parece si tienes al cine?
¿quiere una taza de café?	¿querés que te diga una taza?
la reunión se <unk> a lugar el próximo domingo.	la reunión se realizará dos veces.
ella habló con el presidente.	ella fue a la <unk>.
el perro <unk> cuando nos <unk>.	el perro nos <unk> a estudiantes.
mi hijo no me <unk>.	mi hijo no me <unk>.
es justo lo que quería.	es tan bonito que lo quería.
tom recuerda.	tom <unk>.
conocí a tom.	yo decía que tom.
me <unk>.	me encanta.
ese perro es demasiado peligroso para <unk> <unk>.	esa perro es demasiado corta para ser el pobre.
¿acaso viste lo grande que es su casa?	¿cómo <unk> su historia?
este problema es un verdadero <unk>.	este problema es un <unk>.
¿cuándo volvió?	¿cuándo se siente decirle?
solo quiero ir a casa y dormir un poco.	solo quiero pasar a hablar con un poco de sueño.
tom <unk> que sus compañeros de clase se <unk> con más respeto.	tom <unk> que su propuesta va a pasar más joven que la ayuda.
tom no tiene <unk> amigos.	tom no tiene suficiente amigos.
¿con cuánta comida debería estar <unk> a mi perro?	¿cuánto puede ser como mi <unk>?
mi hermana tiene un trabajo.	mi hermana tiene un trabajo.
<unk> dónde se estaba escondiendo tom?	¿sabes dónde se fue tom?
él es un hombre en quien siempre puedes confiar.	él es un hombre en siempre, por favor.
les pedí que me <unk> el coche.	le digo a mi madre.
tom quiere <unk>.	tom quiere ver un doctor.
no comí desde el desayuno, estoy <unk>.	aún no he comido chocolate desde que esté <unk>.
su <unk> se ha hecho realidad.	su <unk> tiene que <unk>.
tengo mucha sed.	estoy muy triste.
debiste haber dicho eso antes.	deberías haber dicho que tan rápido.
tom <unk> los dientes.	tom se <unk> la camisa.
es un <unk> que tom siga vivo.	aún es un poco de que tom está en realidad.
¿se habla inglés en canadá?	¿en inglés los <unk> en <unk>?
soy la esposa de tom.	soy el abogado de tom.
¿tiene una tarjeta de <unk>?	¿tienes una <unk> <unk>?
me estoy <unk>.	estoy ansioso.
tom te ha mentido.	tom se ha mentido.
la cuenta <unk> a tres mil dólares.	el agua se negó a <unk> cada domingo.
se ha <unk> mucho el <unk> de esa <unk>.	esa <unk> es muy <unk>.
descubrió una nueva estrella.	<unk> un nuevo nueva.
jamás <unk> con él.	yo no he visto tanto.
el éxito sólo depende de tu propio esfuerzo.	los <unk> de la lógica están <unk>.
¿sabes lo hermosa que eres?	¿sabes como estás?
ella es una <unk> <unk>.	ella es una vieja <unk>.
a ella le gusta la <unk> más que cualquier cosa.	a ella le gusta la música más que otra cosa.
tom pasó algunos años en boston cuando estaba en la universidad.	tom se comió una tienda tan <unk> en cuando estaba nevando.
vamos camino a casa.	vamos a la misma ciudad.
he oído que eres un buen <unk>.	supongo que una decisión es buena.
ella estaba <unk> en el sofá con los ojos cerrados.	ella se levanta trampa con los ojos de ella.
tom negó haber <unk> el <unk>.	tom <unk> que había <unk> el <unk>.
el colegio empieza el ocho de <unk>.	el colegio empieza a las <unk> de la guerra de <unk>.
tom vio a maría irse.	tom le besó mary.
la semana pasada él estuvo enfermo.	él estaba enfermo cerca.
<unk> <unk> <unk> el <unk> económico.	pasar un <unk> de <unk> <unk>.
no te olvides de <unk>.	no olvides oportunidad para estudiar.
<unk> pasada la medianoche.	yo <unk> jugar cartas.
quiero que ella haga el trabajo difícil.	quiero difícil la idea de hacer problema.
<unk> al ladrón esta mañana.	<unk> fue <unk> esta película por la <unk>.
te estaba <unk>.	te hace un <unk>.
<unk>, no <unk> tu opinión.	<unk>, no te <unk> con tu <unk>.
conocen algo.	ellos deberían algo.
estaba intentando ocultar mis <unk>.	estaba inquieto de mi <unk>.
<unk> con suerte.	estás viviendo en boston.
estamos muy <unk> de ti.	estamos muy orgullosos de ti.
<unk> le dio al blanco en el primer <unk>.	<unk> <unk> el pájaro con la lengua a su amigo.
<unk> a alguien <unk>.	<unk> pasajeros en <unk>.
el niño todavía está durmiendo.	el bebé está de acuerdo de osaka.
vemos la televisión juntos.	nosotros estudiantes la juntos.
eso sería poner el carro delante de los caballos.	será <unk> el gatillo para los <unk>.
¿cómo vas a <unk> este problema?	¿vas que <unk> este problema?
el arte es algo serio.	es un <unk> especial.
yo voy a parís el próximo mes.	se me olvidó jugar al tenis.
mejor vete.	es mejor que vayas.
tom no tuvo que ir a trabajar hoy.	tom no tuvo que ir a trabajar hoy.
<unk> a mi pregunta.	<unk> mi pregunta.
¿cuántas veces en una hora <unk> los <unk> desde aquí?	¿cuántas veces por unos mil preferido?
tom no quiso saber nada de mis problemas.	tom no quería saber que mary.
me gusta viajar solo.	me gusta viajar solo.
dinos qué hacer a <unk>, por favor.	por favor trata de <unk> lo que hacer.
simplemente <unk>.	lo sé con él.
él es una persona <unk>.	él es una persona formal.
tom tiene algo que discutir con todos nosotros.	tom tiene algo que todos nos <unk> con nosotros.
tengo una reunión muy importante.	tengo un buen sueño.
ellas están conmigo.	son <unk>.
¿qué más quieres que diga?	¿qué quieres decir más?
quiero que <unk>.	quiero que conozcas a un médico.
¿dónde está mi paraguas?	¿dónde está mi paraguas?
¿querés <unk>?	¿quieren un poco de <unk>?
tengo que <unk> el <unk>.	tengo que alimentar a mi gato.
sé la <unk> razón por la que se <unk>.	yo sé al <unk> su amigo.
ya no me importa.	ya no tengo tiempo.
ella <unk> sola.	ella parecía interesante.
tom es muy diferente.	tom es bastante bastante.
mary <unk> el gran mapa sobre la mesa.	maría <unk> la audiencia en la mesa.
él se fue a quedar donde su <unk>.	él se metió con su ayuda.
ayer tom se quedó en casa todo el día.	tom entró por todos los días.
no puedes ser amigo de todos.	no puedes ser así.
él viajó con su familia a <unk>.	él decidió <unk> a los <unk>.
no me iré hasta mañana.	no seré llegar tarde.
eso debería <unk>.	eso apenas pudiera.
es <unk>.	está mejorado.
<unk> <unk> a ayudar?	<unk> ayudar a ayudar?
lamento que hayas resultado <unk> en esto.	lo siento oído cuando esto en esta tarde.
si hubiera tenido tiempo suficiente, podría haber visto más de londres.	si tuviera suficiente tiempo tengo más que tomar.
tom dijo que él estaba completamente <unk>.	tom dijo que él estaba completamente confuso.
él tiene unos <unk> <unk>.	él tiene un <unk>.
tom puso su billetera <unk> del asiento del auto.	tom encontró su bajo vehículo en el auto.
es imposible no <unk> por su <unk>.	es imposible que <unk> <unk>.
le <unk> los zapatos.	ella le pidió una zapatos <unk>.
tiene cerca del <unk> de un huevo.	es de una teoría <unk>.
ella me recibió con una gran sonrisa.	ella me <unk> una dieta con una <unk>.
todavía está claro afuera.	todavía es totalmente.
vamos a ir a comer el viernes.	llegamos un poco de vez en este equipo.
tom <unk> a mary.	tom <unk> a mary.
nuestro tren se <unk> de repente.	nuestro tren se puso.
ninguno de nosotros está en contra de sus ideas.	nada de eso nos dan miel.
le daré una copia a cualquiera que la <unk>.	tú necesitas una <unk> para la <unk>.
deberías dormir.	deberías dormir.
encontramos una hermosa <unk> azul en la <unk> más <unk> de la <unk>.	al <unk> los niños estaban de los <unk>, se perdió a lavar los <unk>.
<unk> todas las <unk> de <unk> <unk>.	comimos <unk> <unk> por 30 <unk>.
a tom le encanta contar <unk>.	tom se <unk> a la muerte.
esto va a ser fácil.	esto es fácil ser fácil.
él sólo sabe hablar un poco de inglés.	él puede ser bueno inglés.
no tengo ganas de <unk>.	no tengo ganas de escribir.
primero el trabajo, después el <unk>.	se han <unk>.
la familia ama mirar <unk> <unk> juntos.	la familia <unk> <unk> a sus padres.
lo deben haber sabido desde el <unk>.	ellos han sido bien para jóvenes.
no quiero hablar con tom nunca más.	no quiero hablar más con tom.
tom está a punto de irse.	tom está a mary.
<unk> entrar?	¿te gustaría venir a pescar?
no sé <unk>. es difícil.	no entiendo el <unk> es difícil.
lo hicieron ellos.	lo hizo.
hoy tom no quiere ver nada.	tom no quiere nada de su trabajo.
no <unk> <unk> a tom.	no pude <unk> a tom.
ella estaba <unk> de rojo.	ella estaba <unk> leyendo.
ya es suficiente para todos nosotros.	hemos tenido mucha otra.
<unk>, ¿me puede <unk> el camino a la estación?	<unk>, pero me dio por navidad, pero la más?
las <unk> <unk> son <unk>.	<unk> un largas que entre una cosa y <unk>.
ella me trata como si fuera un bebé.	ella me mostró como si fuera un beso.
nunca <unk> que tom tuviera problemas.	nunca <unk> que encontrar en un <unk>.
eso pienso yo.	yo piensa pensar al respecto.
era bastante <unk>.	fue <unk>.
cuidado de no <unk> ese vaso.	no <unk> estar de acuerdo en este punto.
¿cómo pudo ocurrir eso?	¿cómo murió esa <unk>?
ahora no estoy estudiando.	no estoy estudiando.
tom no come carne, y mary tampoco.	tom no come comer y mary no come.
pídele a tom que me llame tan pronto como <unk>.	tom me hizo tan <unk> como para que <unk>.
cada vez que escucho esta canción, lloro.	lloro cada vez que escucho esta canción.
fue el mejor día de mi vida.	ese era el día de mi vida.
<unk> a mi pregunta con cuidado.	tráeme mi pregunta.
tom está leyendo un libro.	tom está ansioso por un auto.
murió a los <unk> años de edad.	él murió años estaba en <unk> años.
no me despidieron. me fui.	no estaba solo las noticias.
él tiene unos <unk> <unk> de <unk> dólares.	a un mostró de <unk> <unk>, por sí <unk>.
los <unk> se la pasan quejando del clima.	siempre <unk> siempre sale en el lugar de esta noche.
la voz me <unk> a mi madre.	la habitación me <unk> de mi madre.
ellos <unk> a su país de los <unk>.	ellos <unk> sus <unk> en el <unk>.
¿lo has hecho tú sola?	<unk> lo que le diste?
el perro debe de estar <unk>.	el perro de al lado.
la casa de tomás y maría es muy <unk>.	tom y mary está <unk> sobre mary es viernes.
tom está borracho.	tom es <unk>.
no <unk> mi paciencia.	no me conocen el calor.
ahora es tiempo para empezar a estudiar.	ahora, es hora de nuevo.
tom se quitó los zapatos y los calcetines.	tom se sacó los zapatos y los calcetines.
la prisa es mala <unk>.	la <unk> se <unk>.
mi hijo es <unk>.	mi hijo es un <unk>.
en caso de emergencia llama a la policía.	en general las ganas de todas las cosas.
me <unk> imposible acabar el trabajo en una hora.	es imposible que <unk> en el tren para trabajar.
no tengo toda la noche.	no tengo hambre.
él no es estúpido.	no es estúpido.
tengo una idea mejor.	tengo una idea idea.
ni soy canadiense.	ni siquiera soy canadiense.
" rápido " es el contrario de " <unk> ".	" " cállate. " " está comiendo <unk>. "
el tren ha pasado el cambio de <unk>.	el tren es <unk> por el <unk>.
este cajón es de madera.	ese es su programa de madera.
ellos se van a encontrar mañana en el hotel.	a todos los <unk> mañana a la mañana.
mi padre <unk> cuarenta pronto.	mi padre va a <unk> este perro.
¿qué es esa cosa?	¿qué es ese <unk>?
tom volvió a dormir.	tom volvió a dormir.
este <unk> es igual al que perdí hace una semana.	este es el mejor día de que no sea un buen sueño.
el soldado <unk> herido en el suelo.	el soldado <unk> los <unk> para los <unk>.
<unk> enamorado de tu esposa?	¿todavía estabas en tu jardín?
tom tuvo un muy mal día.	tom tuvo un mal día.
ella <unk> el trabajo con facilidad.	ella <unk> el sushi con los <unk>.
necesito descansar.	necesito descansar.
tom y mary <unk> seguir a john.	tom y maría <unk> atención a john.
la hice feliz.	yo le <unk> a él.
tom no es tan <unk> como mary.	tom no es tan mayor como mary.
las <unk> son <unk>.	las <unk> están <unk>.
su situación <unk>.	su cambió se cambió el para.
tom fue mi <unk> al mando.	tom era mi <unk> <unk>.
¿es tu primera <unk> en parís?	¿es ésta tu novio de cocina en los <unk>?
yo como queso.	como sí.
no tienes que hablar.	no tienes que hablar.
<unk> de llorar como una niña!	deja de cocina se queda con el niño.
yo entiendo tu punto de vista, pero aun así no estoy de acuerdo.	me pregunto tu comida te moleste, pero no tengo más.
fuimos al museo.	<unk> al museo.
me gusta la música <unk>.	me gusta la <unk>.
estoy leyendo una carta.	he leído una carta.
quiero volver a escalar el <unk> <unk>.	quiero reservar una vida <unk>.
sabes lo que tienes que hacer.	deberías lo que tienes que hacer.
quiero llegar al aeropuerto <unk> a primera hora de la tarde.	quiero <unk> las dos circunstancias en la <unk>.
busqué mi cuarto.	miré a mi habitación.
¡no seas tan <unk>!	¡no te <unk> tanto!
¿quieres ver esto?	¿querés seguir tuya?
gracias por el consejo, tomás.	gracias por la policía, tom.
es un problema sin <unk> como lo <unk>.	es un problema para el cual no caso.
no creo que nadie haya <unk> lo que tom hizo.	no creo que tom lo hizo verdaderamente.
¿has hecho trampa en un examen alguna vez?	¿alguna vez has estado en un pozo?
tom es hijo único.	tom es un niño bastante listo.
si te <unk> después de clase, puedo ayudarte con tu <unk>.	si <unk> después de si lo <unk>, <unk> puede <unk>.
sé que no pasará otra vez.	sé que no volverá a pasar.
tom le pasó la <unk> a mary.	tom le enseñó la <unk> a mary.
mi padre sí que juega al golf, pero no lo hace bien.	mi padre va al problema, pero <unk>.
<unk> durante la cena.	<unk> lo que te digo.
él es demasiado mayor para ella.	él es demasiado vieja para mí.
lo ayudé a <unk> la calle.	ella le miró con la calle.
¡qué horrible!	¡qué <unk>!
ellos <unk> algún <unk>.	se comieron <unk>.
¿qué estabas diciendo?	¿qué estabas estabas?
le pido <unk> que lo haga con cuidado.	te prometo que lo <unk> a hacer.
tom <unk> a mary su mejor amiga.	tom le cree a mary que lo <unk> acerca de sus manos.
a las <unk> <unk> les encanta comer <unk> mientras <unk> de <unk>.	los <unk> <unk> sólo dos o <unk>, pero <unk> tan pronto <unk>.
necesitamos vuestra ayuda.	necesitamos tu ayuda.
se puede llegar a la ciudad en auto en menos de 20 minutos desde aquí.	la ciudad de repente pueden escribir su país de navidad aquí en la nueva comida.
él se decidió a estudiar de <unk>.	él decidió estudiar para estudiar literatura.
el hombre que conociste en la estación es mi padre.	el hombre que al trabajo se está cuenta de mi padre.
a pesar de que pueda ser inteligente, no es <unk>.	<unk> que él es, no puede <unk>.
<unk> fútbol después de la escuela.	<unk> después de jugar al colegio.
por favor <unk> las reglas de la escuela.	por favor <unk> las reglas de la escuela.
parece que tom disfruta verdaderamente de estar aquí.	tom quería que casi estar aquí.
tom se hizo <unk> una <unk> para la <unk>.	tom se <unk> un <unk>.
¿eres un <unk> del <unk>?	¿tienes una copia de usted?
el accidente <unk> el tráfico.	las cajas de <unk> <unk>.
esta vez lo haré a mi manera.	haré lo que me dieron esta hora.
<unk> gato vino de <unk> pájaros.	el perro y el partido <unk> a estudiantes.
te doy 5 dólares.	te <unk> cinco dólares.
tom ha estado trabajando como <unk> desde que se graduó de la universidad.	tom ha estado un poco de tiempo <unk> desde que lo <unk> a tu <unk>.
<unk> la ley.	se <unk> en el blanco.
¿te gustaría venir?	¿te gustaría venir?
lo <unk> a decir la verdad.	ellos lo <unk> a ir al lado de la verdad.
tom se siente mal por mary.	tom lo hizo por mary.
tom nunca miró de vuelta.	tom nunca <unk>.
la cena fue <unk>.	la cena estaba de <unk>.
<unk>, la causa de la enfermedad es <unk>.	al <unk> el norte del mundo es la actuación.
ella dejó su trabajo el mes pasado.	ella le explicó su trabajo.
este camino es muy <unk> para que <unk> los <unk>.	este camino es demasiado picante para los <unk> para nuestra vida.
yo puedo estar equivocado.	podría ser calor.
tengo que <unk> de <unk> este dinero.	estoy ansioso de <unk> para abrir este mensaje.
¿tienes un libro?	¿tienes un libro?
estoy <unk> por la tecnología.	estoy <unk> para cualquier momento.
a tom le encanta escuchar música <unk>.	tom se negó a la música.
ella <unk> a <unk>.	ella se <unk> por ayuda.
tom ha hecho un excelente trabajo.	tom ha estado un <unk> trabajo.
¿te despidieron de tu último trabajo?	<unk> tu trabajo de tu trabajo?
él adora <unk> a la gente.	a los <unk> le gusta el <unk>.
esa película es para niños.	esa compañía se ha ido.
tom come la misma comida día tras día.	tom se lo justo el mismo hospital los días.
no me gusta nada el béisbol.	no me gusta nada.
la libertad no es <unk>.	<unk> no es <unk>.
¿qué dijo?	¿qué ha dicho eso?
estaba equivocado.	estaba solo.
su casa fue <unk> por diez mil dólares.	su casa fue muy alto por <unk>.
nosotros podemos pagar.	podemos <unk>.
se fue a la tienda en bicicleta.	él fue al sobre sus promesas.
tienes un <unk> de <unk> todo.	tienes una memoria de sus <unk>.
estoy teniendo problemas para <unk>.	estoy haber visto un <unk>.
algunas personas dicen que comer tarde por la noche es malo para la salud.	algo que la cerveza huele realmente va a nuestra vida, por favor.
ella sabe qué hacer ahora.	ella sabe qué hacer.
mis padres son <unk>, pero vinieron a <unk> en el <unk>.	mis padres están en general, las <unk>, en ellos es <unk>.
mi hermana menor se casó antes de los 20.	mi hijo, se ha <unk> en la <unk>.
estamos <unk> más <unk>.	vamos más <unk> que más <unk>.
<unk> la <unk> con ambas manos.	<unk> las <unk> están en la playa.
<unk> café?	<unk> café?
será mejor que no te <unk> con ella ahora.	no deberías nadie a la televisión.
no quiero ver a tom.	no quiero ver a tom.
mi madre está ocupada preparando la cena.	mi madre está ocupada, pero la que trabaja.
estaré de vuelta en menos de cinco minutos.	estar en el cielo de cinco minutos.
tom sabe cómo manejar una <unk> <unk>.	tom se puede confiar en un <unk>.
quédate ahí.	allí allí.
¿hay algo que <unk> hacer?	¿hay algo que podemos hacer?
¿quién habla francés?	¿quién habla francés?
¿tienes coche?	¿tienes un auto?
<unk> de cenar.	de cenar se <unk>.
tom se las <unk> todas a una sola carta.	tom le pidió todas sus otras que se <unk>.
tom escuchó la alarma.	tom escuchó <unk>.
ven aquí antes de las siete.	ven aquí se van a las vacaciones.
su cara <unk>.	su cara <unk>.
<unk> tiempo.	nuestro tiempo.
¿dónde dijiste que <unk> esto?	¿dónde te encontraste?
¿por qué no le <unk> su consejo?	¿por qué no le <unk> consejo?
ella nos dio un regalo.	ella nos dio un obsequio.
él ha ido a la biblioteca.	él tiene muchos estudiantes al éxito.
por favor, siéntate.	por favor, <unk>.
no lee más que novelas.	ella no tenía nada más que <unk>.
ella se suicidó <unk> de un puente.	ella <unk> el café, por lo menos <unk>.
anoche llovió mucho.	anoche nos tomó una tarde.
yo <unk> ropa por internet.	<unk> ropa por internet.
nosotros <unk> a la casa <unk>.	<unk> la casa cerca.
tom no parece estar muy interesado.	tom no luce como los <unk>.
hace calor en la habitación.	la habitación es <unk>.
no estoy de acuerdo.	no me <unk>.
está claro que te van a <unk> si no <unk> más.	tú no <unk> si digas, por favor.
lo que a ti te parece simple, a mí me parece <unk>.	parece que te diga lo que me escuchas.
¿por qué debería ayudarte?	¿por qué debería ayudar?
nueva york es una de las ciudades más grandes del mundo.	clase es tres años más interesantes del mundo.
me <unk> que llueva mañana.	me temo que pueda llover mañana.
tom le preguntó a mary si él podía tomar <unk> su bicicleta.	tom le pidió a mary que le <unk> su bicicleta.
me alegro mucho de <unk>.	me alegro de verte.
les dije que me <unk> otro boleto.	me gustaría hacer que <unk> otra vez.
¿me <unk> qué debo hacer <unk>?	<unk> qué debería hacer a <unk>?
tienes que dar cuenta de tu <unk>.	tienes que tus <unk>.
tom se rió de algunos de los chistes de mary, pero pensó que algunos de ellos no eran muy <unk>.	tom cogió una flor de mary, así que no se <unk> de la sala de sus amigos.
¿cómo sabes que pasará eso?	¿cómo sabes lo que sugirió?
<unk> en mi habitación.	me <unk> en mi cuarto.
nadie le <unk>.	nadie le ha dado.
fuiste <unk>.	<unk> <unk>.
todavía tengo mis dudas.	todavía me he tomado.
su discurso me <unk>.	su papá me conmovió.
la <unk> <unk> es mía.	el <unk> es hermoso.
por favor, <unk> la puerta.	<unk> la puerta y <unk>.
no pude ir a su fiesta de cumpleaños.	no pude ir a su fiesta con su nombre.
solo pregunto.	solo estoy <unk>.
después del desayuno fuimos a <unk>.	después de tomar una taxi, por favor.
tom tiene que volver a boston mañana.	tom tiene que ir a boston pasado mañana.
parece ser que tom ha intentado <unk>.	tom tiene que comprar los <unk> para nada.
él dice que no se <unk> de fumar.	él dice que no <unk>.
<unk> a ti mismo.	<unk>.
no puedo estar más de acuerdo.	no puedo <unk> más.
ella esperó a que la <unk>.	ella lo esperó para llegar.
¿cómo pueden estar tan <unk>?	¿cómo podés ser tan egoísta?
a él le encanta viajar.	adora los trenes.
no quiero escuchar tus <unk> nunca más.	no quiero ser ninguna <unk> de tu.
tom está confundido.	tom está poco.
ayúdame a elegir un sombrero que <unk> con mi vestido nuevo.	ayúdame a elegir un paseo con mi nuevo vestido, por favor.
eso <unk> todos los días, ¿no es así?	esa historia es <unk>, ¿verdad?
compré este libro para mí, no para mi esposa.	por este libro a la cámara, por favor sé <unk>.
eres demasiado joven para morir.	eres demasiado tarde.
nos quedamos toda la noche hablando.	<unk> todos los días.
prefiero comer otra cosa.	prefiero comer algo más.
mientras más <unk>, más nos <unk> cuenta de lo poco que sabemos.	cuanto más pequeños, <unk>, por favor sé <unk> más.
te veré cuando vuelva.	yo te voy a <unk> más.
he <unk> mi teoría.	me <unk> el uso.
nunca volví a hablar con él.	no me <unk> que nunca volver.
¿quién va allí?	¿quién ha estado allí?
ese <unk> se <unk> con la pena de muerte.	esa tela está <unk> por la muerte.
la mitad de los estudiantes estaban <unk>.	los estudiantes fueron <unk> en japón.
me <unk> por no llevar puesto el <unk>.	<unk> el presentimiento de <unk> una <unk>.
voy a dormir en el piso.	<unk> en el suelo.
todas las mujeres <unk> que tom era realmente apuesto.	todo el edificio estaba en el último que vive.
mi inglés no es nada bueno.	mi inglés no es tan <unk>.
esa casa me pertenece a mí.	esa casa me enseñó.
la pequeña <unk> llegó a la vista.	los lugares <unk> en la televisión.
cuando <unk> manos con alguien, debes <unk> a los ojos.	cuando te pongas a veces, pero <unk> en el cuarto.
debemos obedecer las reglas.	tenemos que <unk> las reglas.
ya me siento mucho mejor.	yo siento mucho.
¿qué más puedes hacer?	¿qué puedes hacer?
se casó a los <unk>.	ella se casaron cuando ella fue <unk>.
tom se preguntaba lo mismo.	tom se lo preguntaba la misma cosa.
<unk> tus <unk>!	<unk> tus!
él no pudo cumplir la promesa que hizo a su padre.	él no hizo el que su padre con su padre.
no significa que <unk> de hacerlo.	eso no importa que <unk> eso.
ella tiene vino.	tiene el vino blanco.
está claro que es rico.	es el lago que usa.
había <unk> que <unk> <unk> su <unk>.	había <unk> vacías <unk> por todas <unk>.
mi amigo <unk> ayudar a mi hijo con sus estudios.	mi amigo puede dejar de sus con mi cumpleaños.
tom siguió escribiendo.	tom esperó pacientemente.
ella hablaba mientras <unk>.	ella parece <unk> a ella.
él solo tenía treinta y seis años.	él fue acusado de <unk> <unk>.
tom no tiene enemigos.	tom no tiene <unk>.
tom tiene que buscar un trabajo.	tom tiene un trabajo para matar.
supongo que <unk> <unk> con quién estaba anoche.	yo dije que no querrías quién estaba comiendo anoche.
tom todavía vive con su madre.	tom todavía vive sus padres.
espera a la policía.	<unk> a la policía.
puedes venir con nosotros.	puedes ir con nosotros.
el <unk> de <unk> es <unk>.	la <unk> <unk> es una <unk>.
dicen que una mirada vale más que mil palabras.	dicen a las dos de más interesantes es más fuertes que las cosas.
no está bien intentar <unk> las ideas <unk> a los demás.	deberías no deberías poner tu ayuda de tus ideas.
no <unk> ver la diferencia.	no <unk> ver al gerente.
también hablo francés.	yo también francés francés.
una mujer escribió 30 libros sobre cómo ser feliz, y entonces se suicidó.	una mujer vino de café, y más parece aprender a alguien y feliz.
tom se <unk> en la <unk> de arriba.	tom <unk> en el <unk>.
tom es un chico malo.	tom es un mal niño.
ellos <unk> cuando están en peligro.	cuando ellos viven en una ciudad, ellos.
esta copia está llena de errores.	este es uno de los <unk> más interesantes.
¿te ha visto alguien?	¿alguien se quiere?
tom, ¿estás dormido?	¿estás, tom?
de verdad que necesito un <unk> ahora.	yo solo necesito un poco de vida.
el <unk> fue <unk> en el aeropuerto.	la <unk> fue <unk> en el campo.
tom no es un chico <unk>. de hecho, él trabaja duro.	tom no es un <unk> para un regalo de cosas que estén es un serio.
tom <unk> su fiesta hasta que maría saliera del hospital.	tom se limpia sus dientes con las <unk> del hospital a mary.
¿quieren tener hijos?	¿cuánto cuesta una vez?
ellos están <unk> a aprender inglés.	ellos son inglés para hablar inglés.
<unk> a tom, a pesar de que no fue su culpa.	tom se dejó bien por el no, ella lo <unk>.
hoy es fiesta.	hoy es un día.
tenemos el problema <unk>.	tenemos el problema y <unk>.
a él le gusta mucho el béisbol.	a él le gusta mucho el año.
mis padres no me <unk> volver a ver a tom.	a mis padres no me <unk> a tom jamás de nuevo.
él se <unk> cuando toca la guitarra.	él se hizo, cuando el teléfono es el cuerpo.
se <unk> las clases.	las clases de <unk>.
yo soy de <unk>.	soy de soy.
no es una buena persona.	ella no es una buena persona.
<unk> acerca del <unk> de tom?	¿has hecho sus <unk> de tom?
quizás tom estaba escondiendo algo.	ella fue pasar algo como tom.
hace diez grados bajo cero ahora.	ahora es diez grados más grandes.
esta fiesta está <unk>.	esto está <unk> esa.
tom <unk> segundo.	tom viene juntos.
fue una gran fiesta.	esa era una fiesta.
soy de <unk>.	soy de soy.
la niña es chica para su edad.	la chica <unk> es bastante chica para ella.
no quiero vivir contigo.	no quiero comer con vos.
mamá nos ha comprado un <unk>.	gracias compró un nuevo para nosotros.
tienes las manos <unk>.	tienes las manos de <unk>.
¿y tu bebé?	¿dónde está tu madre?
los mejores <unk> son <unk>.	las cajas de <unk> son <unk>.
no quiero que se <unk> tom.	no quiero que tom se <unk>.
ella le <unk> a su hermana.	ella le enseñó a la hermana.
¿por qué no viniste ayer? te esperé mucho rato.	¿por qué no viniste tiempo para dar por el diccionario de ti.
él se <unk> en el suelo.	él se <unk> en el coche.
<unk> están buenas.	<unk> son buena buena.
¿cuál es la comida a la que jamás <unk>?	¿qué te <unk> tan caliente?
¿cuándo <unk> para boston?	¿cuándo empezaste a boston?
<unk> no sé cómo seré capaz de cumplir con todos los <unk>!	<unk> no puedo <unk> a todas las cosas por <unk>!
ella pesa mucho más que él.	ella es más fácil así que lo <unk>.
¿tienes un <unk>?	¿tienes una <unk>?
<unk> que no <unk> muy ocupados.	supongo que me buena mintiendo.
¿ella te enseñó la foto?	¿ella has último el teléfono?
esta mesa está <unk> de buen <unk>.	este televisor es muy <unk> con nuestra <unk>.
es la última vez que <unk> un regalo.	esta es la última vez que te un regalo de navidad.
lo importante es tener tu propio pasatiempo.	la cosa importante es hora de que no sea bien.
todavía no he <unk>.	aún no he comido todavía.
ella habla con <unk>.	ella tiene <unk>.
tuve que darle una oportunidad.	me gustaría ser un regalo de papel.
¿este bus se <unk> al museo?	<unk> este pájaro, el museo?
lamento haberle <unk> tantos problemas.	lo he oído que tienes que hacer problemas.
lamento esas <unk> palabras.	perdona por el mismo.
ella <unk> inglés.	ella estudia inglés.
puse el <unk> en el <unk>.	<unk> en el <unk> con los <unk>.
quiero que mis hijos <unk> lo mejor.	quiero pasar el resto de mi edad.
por favor no <unk> mi <unk>.	por favor, no <unk> mi <unk>.
<unk> el coche por favor.	por favor, préstame tu profesor.
<unk> a tom y <unk> lo que <unk> de <unk>.	tom le creyó a lo que le <unk> tom.
tú pareces un <unk>.	te gustan un <unk>.
me fui a la cama más tarde de lo habitual.	me fui a la cama un beso.
¿dónde estabas cuando ocurrió la <unk>?	¿dónde <unk> dónde se había acabado?
es posible que eso sea cierto.	puede que sea importante.
ayer comí pescado.	comí ayer.
la verdad puede ser más <unk> que la mentira.	la verdad puede ser más fácil obtener una cosa.
agradecería que me <unk> tan pronto como le sea posible.	usa un <unk> tan pronto como sea posible.
quiero unos zapatos <unk>, no <unk>.	quiero pasar el gustan, pero los viernes y los <unk>.
detesto perder.	odio los domingos.
es un <unk> sin corazón.	él es un cristiano <unk>.
¿qué lugares <unk> visitar?	¿qué gustaría de ir querría a visitarnos?
vayamos a <unk> una bebida.	vas a beber una botella de trabajo.
¿es usted japonés?	<unk> sois <unk>?
tengo una <unk> de trabajo mañana a las dos de la tarde.	tengo un examen de que mi trabajo <unk> dos tarde.
se nos <unk> el agua.	tenemos un montón de agua.
su casa se <unk> en la colina.	su <unk> parece a la pequeña.
ella <unk> haber visto al hombre.	ella le <unk> a ella que lo hizo.
tom tiene piernas <unk>.	tom tiene <unk>.
es sabido que fumar es malo para tu salud.	es más fácil que decirlo.
deseo que mi sueño se hiciera realidad.	ojalá mi sueño venga mi edad.
los <unk> de tráfico <unk> todos los días.	los <unk> azules todos los días.
les vimos irse.	nos vimos a verlos.
no tengo tiempo para eso.	no tengo tiempo que hagas.
he estado buscando mis llaves todo el día.	me he estado tiñendo el día entero.
no quería creer las cosas que tom dijo acerca de maría ayer.	no quería que tom no <unk> ni sobre mary lo que pasó mary.
¿cómo se llama?	¿cuál es su nombre?
tomó un <unk> a <unk> del bosque.	se sacó una gran <unk>.
tom probablemente sabía quién era yo.	tom sabía que yo estaba <unk>.
deja libre la tarde del próximo sábado por favor.	por favor, <unk> el próximo fin de semana.
ella me <unk> una tarta.	ella me mostró una torta.
tom sabe lo que tiene que hacer.	tom sabe qué ha pasado.
soy más rápida que ustedes.	yo soy más rápido.
el escritorio está hecho de madera.	la cajón es de madera.
ella hizo feliz a su madre.	ella le pidió el pidió a su madre.
llévate mi coche.	<unk> mi carro.
si me <unk> hablado antes al respecto, yo podría haber estado libre. como sea, mañana tengo planes de volver a casa.	si le digo la universidad, me gustaría que conozcas a casa.
esta y esa son dos <unk> diferentes.	esta <unk> son dos o los dos.
el verano <unk>.	los prisioneros son iguales.
¿no tienes frío?	<unk> tienen esos?
¿cómo estuvo el <unk>?	¿cómo fue la plaza?
le dio una respuesta <unk>.	él le dio un <unk>.
¿quién es tu profesor de francés?	¿cuál es tu profesor?
ambas están bien.	están buena son para ellos.
<unk> mis ojos y <unk> mi cabeza.	hice mis ojos y mi <unk>.
tom se sentó junto a mary en el concierto.	tom se sentó al sobre mary a la medianoche.
¿con <unk> viven?	¿con quién vives?
¿cuántos años tienen vuestros hijos?	¿que edad tienen los niños?
el <unk> de esquí da <unk>.	<unk> descubrió américa con ti <unk>.
la navidad es el <unk> de <unk>.	día día es una <unk> fácil.
yo lo tomé prestado.	lo vi.
lo siento por ti.	yo siento por ti.
tom normalmente solo lee los <unk>.	tom normalmente nuestros los <unk> <unk>.
yo no quiero abrir la ventana.	no quiero apagar el partido.
ella estaba entre los niños.	ella se quedó contra el teléfono.
los dos somos <unk>.	ambos están locos.
sus bromas nos <unk> <unk> de risa.	su antigua lee en serio.
tom estuvo pensando en lo que mary le había contado.	tom le falta sobre lo que le había contado.
sois demasiado jóvenes para morir.	eres demasiado tarde.
¿cuántas preguntas había en el examen?	¿cuántas muñecas fueron en la plaza?
se requiere <unk> que ellos <unk> sus <unk>.	hay una <unk> para <unk> nuestra <unk>.
si yo fuera tú no iría allí.	no voy a pie si tienes hambre.
a tom no le fue bien en el examen.	tom no tuvo que hacer en la <unk>.
tuve un día realmente duro.	he esperado un buen amigo.
es fácil para ti.	es hora de ti.
sus amigos están allá dentro.	tus amigos están ahí.
tom le dio un beso <unk> a maría.	tom le dio un beso rápido a mary.
escriba un <unk> con <unk> de cuatro <unk>.	un día de beber con un <unk>.
¿ya encontraste a tom?	¿has dicho dónde se tom?
un niño está <unk> el <unk>.	un niño se prohíbe <unk>.
¿en qué año <unk>?	¿qué te <unk> a américa?
debe haber un malentendido entre nosotros.	tenemos que haber hecho un acuerdo.
estoy <unk> esa taza.	estoy seguro de que se equivoca.
ojalá hubiera salido de casa cinco minutos antes.	si tuviera comprar <unk>, llueva blanco.
todas ellas entraron.	se ve la intención.
prefiero ir a la montaña en verano.	preferiría ir al verano seguir <unk>.
tu libro está sobre el escritorio.	tu libro es sobre el escritorio.
soy <unk>.	estoy <unk>.
él me golpeó en la cabeza.	él me subió en el parque.
ya me había tomado un café.	ya casi he tenido un café.
ya no hay un sólo lugar seguro en japón.	no hay un tipo caluroso dentro de esa valentín.
aún tenemos algo de dinero.	aún podemos mucho dinero.
le di al <unk> todo el dinero que tenía.	me <unk> el reloj que <unk> el secreto.
hoy hace bueno.	da es vuestro!
puedo pagar por <unk>.	las <unk> se <unk>.
<unk> absolutamente seguro!	estoy <unk>!
él murió <unk> en la guerra de <unk>.	murió en la guerra mundial <unk>.
<unk> al mediodía.	el primer mediodía de hicimos.
<unk> de nuevo pronto.	comencemos de nuevo pronto.
mi ciudad natal es muy bonita.	mi hermano es muy <unk>.
usted es buena.	eres bueno.
no os conozco.	no te conocen.
estudia inglés todos los días.	todos los días todos los días.
yo <unk> tres <unk> ayer.	en el vino ayer.
¿sabes <unk> en <unk>?	¿puedes dejar en el <unk>?
hace demasiado calor.	es demasiado <unk>.
¿crees que tom <unk> éxito?	<unk> que le <unk> a tom?
pensé que tom vendría a <unk>.	pensé que tom me pidió que <unk>.
<unk> las sobras al perro.	tú <unk> la luz.
el profesor <unk> al muchacho por su <unk>.	el profesor <unk> un su <unk> por su ayuda.
¿sabes cómo funciona esta máquina?	¿sabes cómo lo <unk> esto?
los niños <unk> el <unk> y el guardia los <unk>.	los niños y los <unk> están en el hospital y <unk> el techo.
él llegó a la estación a las cinco.	él vio a las cinco en la estación.
yo era demasiado rápido.	yo estaba muy rápido.
estaba <unk> por escapar.	él fue asesinado a <unk>.
<unk> usted su idea con más <unk>.	tu también es más.
tom piensa que la respuesta es sí.	tom al va a la chica que dice.
su aliento huele a queso de cabra.	su hijo huele <unk>.
sus <unk> se <unk> al oír el <unk>.	su <unk> <unk> dijo que ella fue a <unk>.
japón importa varias <unk> <unk> desde el extranjero.	<unk> de madera tienen una <unk> de <unk>.
yo me <unk> aquí hasta que él <unk>.	voy a <unk> que te <unk> aquí.
¿puedes dejar esto conmigo por un rato?	¿es más imposible que un regalo de té?
estoy seguro de que tom <unk> <unk> a mary de ir a boston con él.	estoy seguro de que tom decidió ir a boston con él.
la gente le <unk> a la guerra.	la gente tiene miedo de la guerra.
tom quedó sorprendido de que mary se <unk> tanto.	tom estaba sorprendido de que mary se <unk> tanto.
la compañía tiene un capital de un millón de dólares.	la compañía tiene una <unk> de malo.
tienes que estar bromeando.	¡tienes que estar de <unk>!
a los <unk> les gusta viajar en grupo.	el profesor se <unk> en una historia <unk>.
tom <unk> a su madre para que le <unk> el coche durante el fin de semana.	tom se negó a su madre a cuidar que lo llevara a los vista.
tom no se <unk> nunca.	tom nunca <unk>.
él es un <unk> muy <unk>.	él es un cristiano <unk>.
su nombre, por favor.	por favor, escriba su nombre.
aquí es donde él se suicidó.	este es el mejor jugador de las que esté encontró.
tiene usted que <unk> esos <unk>.	tienes que usar herramientas <unk>.
los <unk> <unk> siempre mirando hacia la <unk>.	<unk> siempre <unk> los <unk> para <unk>.
quiero ir a francia.	quiero ir allí.
nuestro <unk> se <unk>.	nuestra ciudad es <unk>.
¿cuánto <unk> él?	¿cuánto cuesta?
¿cuántos <unk> tienes en tu <unk>?	¿cuántas <unk> tienes tu <unk>?
la música de <unk> es bella.	la <unk> es hermoso.
por favor habla más alto para que todo el mundo pueda oírte.	por favor, <unk> así o no.
ellos siempre estaban bromeando.	siempre hicieron <unk> jugar oportunidad.
el <unk> para la tos sabe a <unk>.	los <unk> a un <unk> a la libertad.
esto es un <unk>.	esto es un <unk>.
no pasó mucho antes que nos <unk> <unk> otra vez.	no podía dar nada de lo que pudimos de compras.
tengo que <unk>.	tengo que <unk>.
pensé que eras mi mejor amigo.	pensé que habías dicho que mi novia.
¿cuánto tiempo te <unk> pintar mi casa?	¿cuánto se me va a mi casa para cenar?
pronto <unk>.	día va bien.
es cruel.	eres aburrido.
¿no le <unk> una carta?	¿no le has puesto una llamada?
era lo suficientemente <unk>.	era bastante suficiente.
<unk> la radio, por favor.	por favor, <unk> el volumen.
deja que te dé mi tarjeta de <unk>.	déjame presentarte a mi <unk>.
algunos de ellos son <unk>, y algunos son <unk>.	algunas de nuestros habitaciones, <unk> y algunas.
estoy cansado y quiero irme a casa.	estoy cansado de que me iré a casa.
tom <unk> que lo que hizo estuvo mal.	tom <unk> que lo que había hecho estaba mal.
la sangre era de un rojo <unk>.	lo peor hecho de los <unk>.
te di un libro.	te dio un libro.
mi tía <unk> de buena salud durante toda su vida.	mi hijo <unk> mi vida durante las diez.
su manera de hablar me <unk>.	su <unk> me <unk> de manera.
con tus <unk>, deberías ser capaz de encontrar un trabajo para tom.	si <unk> necesitas tu tiempo para hacer el trabajo.
es la mejor forma de resolver el problema.	es lo mejor para el problema del problema.
tom le dijo a mary que se iba a <unk>, pero que no tuvo el <unk> para hacerlo.	tom le dijo a mary que no sería capaz de hacer cuando tú no pudo a mirar.
sabía que te gustaría.	yo sé que te gusta.
ha vivido aquí toda su vida.	él está aquí para decirlo.
nos vemos la próxima semana, tom.	a verte lo que voy a ayudar a la mañana.
¿qué tienes en el menú hoy?	¿qué tenés en el baño hoy?
<unk> <unk> sin el aire.	sin aire morimos.
¿puede darme algunas de <unk>?	¿puede darme una de <unk>?
no me hagas sentir mal por hacer lo que hice.	no me hagas hace suficiente para tanto lo que yo digo.
las <unk> no se <unk> y tuve que entrar por el <unk>.	el <unk> no <unk> ni, por qué no pudo dormir.
te veré mañana en el desayuno.	te veré el próximo domingo.
no estés tan <unk>.	no seas <unk>.
el próximo mes hará diez años que vivo aquí.	tengo diez años desde que se saldrá mañana.
ayer la pasé verdaderamente bien.	realmente tenía una buena tiempo libre.
aquí estarás seguro.	<unk> aquí o.
se fue después de que <unk>.	se fue después del almuerzo.
no hay absolutamente ninguna manera en que yo vaya de viaje solo.	yo siento cerveza ahora no tengo ni solo.
él es un <unk>.	él es <unk>.
también es una <unk>.	ella es un <unk>.
la <unk> es una <unk>.	<unk> es un <unk>.
en cuanto llegue, <unk>.	deja que lo compré a ocurrir.
gracias por preocuparte de mí.	gracias por los <unk>.
deme una taza de té, por favor.	<unk> un poco de té de lluvia.
él vive ahí solo.	él vive allí.
mi esposa <unk> dinero como si yo fuera el hombre más rico en la ciudad.	mi mujer me dio una <unk> de vino, en cuando estaba <unk> cerrada.
¿qué pasa conmigo?	¿qué me ha pasado?
¿cuándo quieres que esté de vuelta aquí?	¿querés que me ayudes aquí?
alguien entró en la habitación.	alguien habrá en la habitación.
veamos cómo <unk> tom a eso.	<unk> a tom que le <unk> a hacerlo.
me agrada tom.	me gusta tom.
demasiado está en riesgo.	demasiado grande es justo el mío.
déjame ver esa lista.	a ver eso.
ya no somos niños.	no vimos los niños.
nunca <unk> construir una casa en esta área.	nunca usa una cosa en este momento.
<unk> la pregunta.	<unk> al pregunta.
realmente pensé que <unk>.	tenía que <unk> a jugar al tenis.
estoy estudiando música.	estoy en la otra vez.
yo he escrito este libro.	yo escribí este libro.
había una multitud en el parque.	había muchos niños en la sala.
me pregunto si estará en casa.	me pregunto si se metió la cama.
lo siento de verdad.	realmente <unk>.
el tiempo va <unk> a <unk> que <unk> el día.	el tren fue <unk> en el campo, pero los viernes y los <unk>.
parece que él no sabe acerca de mi <unk> con mi padre.	él parece no interrumpir a mi padre cerca de mí, a la que me <unk>.
iré a francia a estudiar pintura.	iré a <unk> para estudiar.
tomé un taxi porque el bus <unk> atrasado.	me perdí el partido porque he esperado diez minutos.
tom no tiene nada que ver con esto.	tom no tiene que ir a esto.
no <unk> su broma.	no entendió su broma.
gracias por tu <unk>.	gracias por los <unk>.
por favor, <unk> en <unk>. estoy ocupada.	por favor vení <unk> estoy <unk> por mí.
me levanté más pronto de lo normal para coger el primer tren.	me <unk> más antes del tren que al trabajo.
ahora me <unk> a mí.	depende de mí es.
tom dice que oyó a mary y john <unk>.	tom dice que él se siente a pasar a hacer y john.
tomás se rió en mi cara.	tom se pegó mi pegó.
para más información, <unk> nuestro sitio.	por favor, <unk> nuestra historia.
déjame probar.	tengo un <unk> de nuevo.
pensé que habías dicho que te gustaba probar cosas nuevas.	pensé que habías dicho que conozcas a tu tarea.
es tu <unk>.	es lo mejor.
la estás <unk>.	usted me <unk>.
creo que volveré el lunes de la semana próxima.	el <unk> <unk> el lunes.
¡qué buen <unk>!	¡qué buen día!
<unk> tu leche.	<unk> tu leche.
tom le sacó punta a un lápiz.	tom <unk> un beso.
esa información, <unk>, es correcta.	dentro de repente llama el béisbol.
no soy tan rico como era.	no estoy recordar tan solo.
dile que estoy nadando.	dile que estoy <unk>.
<unk> tu aliento.	no vale la pena hablar.
tienes suerte de que no te <unk>.	tú fuiste una vez que tú no <unk>.
lo aprendí hace mucho tiempo.	aprendí mucho tiempo desde que yo.
estos guantes <unk> <unk> sus manos.	estas estas son <unk>.
<unk> qué <unk> ahora?	¿qué piensas hacer ni?
no te <unk> tanto por eso, la vida tiene sus <unk>.	no puedes <unk> tan <unk> por los <unk> ya tan ya <unk>.
la madre cortó la torta en ocho <unk>.	<unk> la tarta de conducir y <unk>.
estoy <unk>.	estoy harto de trabajar.
tom le arrojó la <unk> a mary.	tom le besó la última a mary.
todavía nadie lo sabe.	eso <unk> siendo un misterio.
<unk> es la capital de <unk>.	<unk> es la capital de <unk>.
es imposible que el pájaro <unk> de la trampa.	es imposible que <unk> el museo del mundo.
he escrito todos los <unk> hasta el treinta y uno.	he <unk> el <unk> <unk> por los <unk>.
¿cuál es tu equipo de béisbol favorito?	¿cuál es tu postre favorito?
la policía espera que la gente siga la ley.	la policía fue <unk> a quien llama.
los exámenes <unk> justo después de las vacaciones de verano.	los chicos después de las vacaciones de verano.
¿está <unk> herido?	¿estás teniendo?
él puede con la tarea.	él está a la carrera.
tom <unk> una <unk> de nieve.	tom <unk> un dilema.
disculpe la <unk>.	lamento llegar tarde.
no me vuelvas a llamar.	no me <unk> de nuevo.
tom le dijo a mary que no fuera.	tom le dijo a mary que no llegara a boston.
ella le hizo feliz.	ella lo hizo feliz.
te estábamos buscando.	nos vemos.
mary está <unk>.	mary es un <unk>.
nos <unk> si <unk> cuándo <unk> la película.	ellos nos <unk> si conocía a luz cuando la música.
ese vestido se ve <unk> en ti.	ese edificio tiene <unk> <unk>.
roma no fue <unk> en un día.	no era un día caluroso.
algunos hombres se <unk> las piernas.	algunas <unk> sus <unk>.
tom es un amigo mío.	tom es una de causa de mary.
no sé por qué me <unk> en venir aquí.	no sé por qué me odia aquí.
sé que estás preocupada por tom.	sé que están preocupados por tom.
<unk> esto.	<unk> esto.
<unk> a todos en voz alta.	él se <unk> para <unk>.
no tengo ganas de estudiar inglés hoy.	no tengo ganas de comer inglés.
ya te encontré.	hay ti.
esta foto no es suya. es nuestra.	este televisor no está muy seguro de él.
hemos estado ahí antes.	se han estado allí antes.
no podemos dejar que nos <unk>.	no podemos ser más <unk>.
el <unk> le disparó a un <unk>.	el <unk> <unk> un <unk>.
tom nunca dijo una palabra.	tom nunca dijo una palabra.
los <unk> se <unk> para <unk> el problema.	los <unk> <unk> apagar el problema.
el escritorio está cubierto de polvo.	el cajón es bastante sencillo.
juego con él.	lo vi con él.
<unk> para los niños, este libro a menudo lo <unk> <unk>.	<unk>, esta es una enfermedad <unk> por el <unk> de su nombre.
todavía no ha <unk> la <unk>.	el <unk> no tiene sentido.
el autobús <unk>.	el bus <unk> haremos.
me estoy <unk> a este clima.	me estoy <unk> para ir al extranjero.
tom dejó claro que quería que mary hiciera el trabajo ella sola.	tom hizo lo que pudo al hacer que mary <unk>.
él <unk> a su hijo a estudiar más.	él se <unk> de su amigo para estudiar.
por favor, <unk> <unk>.	por favor, <unk> otra <unk>.
¿acaso no sabes eso?	¿tú sabes eso?
yo no <unk> a tom.	no seré <unk> con tom.
no soy esa clase de tipo.	no soy muy tipo de tipo.
se <unk>.	eso me.
esta costumbre comenzó durante el <unk> <unk>.	este caballo <unk> 20 las <unk> <unk>.
no sé que podemos hacer.	no sé lo que haremos.
voy a la escuela <unk> en bicicleta.	me levanté mi colegio al colegio.
mucho de lo que <unk> había oído acerca del <unk> <unk> era cierto.	muchas personas consideran que el <unk> tienen que las <unk> eran <unk>.
tres de mis hijos murieron.	todos los niños están a los ojos.
¿estás diciendo que soy un mentiroso?	¿estás diciendo que no soy un mentiroso?
falta el punto al final de la <unk>.	la <unk> está a las <unk> de la misma ciudad.
déjame arreglarlo.	lo preguntaré de otro modo.
solo necesito saber quién es tom.	sólo necesito saber quién es tom.
los <unk> <unk> un juramento de no <unk> a nadie.	los doctores hacen un juramento de no herir a nadie.
tom es <unk>.	tom es <unk>.
su respuesta fue <unk>.	su pasatiempo fue <unk>.
el juego se <unk> por la lluvia.	el partido se <unk> a leer los productos.
él <unk> dentro de un mes.	él fuma una larga cerca.
ellos se ven felices.	ellos les feliz.
quiero <unk> a tom.	quiero proteger a tom.
ella tiene que <unk> a su familia acerca de su novio.	ella tiene muchos sentimientos de su tarea.
te <unk> un <unk>.	te mostraré.
charla con tus amigos.	<unk> con sus amigos.
el chico que está parado por allá es mi hijo.	el niño que yo es a mi perro.
tu perro todavía me está <unk>.	tu perro aún es que jamás conocen.
tom se <unk> de <unk>.	tom se <unk> como un <unk>.
me gustaría que <unk> a tom ir con nosotros.	te puedo <unk> que tom te <unk>.
tom y mary estaban hablando en francés cuando john entró a la habitación.	tom y maría <unk> lechuga el público cuando alguien en la habitación.
amaba boston.	solía <unk> a boston.
no debes hablar mal a <unk> de los demás.	no puedes dejar de comer en ninguna <unk>.
¿adónde vas a ir en tus vacaciones?	¿adónde vas a ir a tu escuela?
él lloró y lloró.	él y él esté amigos.
ni siquiera sé qué es eso.	ni siquiera sé cuál es.
siempre está ocupado.	él siempre está ocupado.
no sé por qué me <unk> a mí.	no sé por qué ellos lo conozco.
parece que no hay ninguna necesidad de ir.	parece que no vaya ir a dormir.
tom y mary son los dos <unk>.	tom y mary son los dos <unk>.
¿no querés darme un <unk>?	¿quieres que me ayudes un examen?
él <unk> el <unk> de <unk>.	él decidió un <unk> de <unk>.
puede que tenga que ayudar a tom.	me temo que ayudar a ayudar.
si yo fuera tú, no habría hecho eso.	no debería haber dicho si tienes eso.
